source_file,review_id,clause_id,global_id,clause,topics_pred,topics_score,sent_local,sent_review,sentiment_score,sentiment_final,sentiment_text
gazprombank_debit_page2.json,1,0,1:0,Здравствуйте ! Обратился в отделение банка в г.Нягань.,BRANCH_SERVICE,1.00,0.15,1.7571428571428573,0.6321428571428571,0,neu
gazprombank_debit_page2.json,1,1,1:1,"Надо отметить, что прежде с Газпромбанком не сотрудничал.",,,0.0,1.7571428571428573,0.5271428571428571,0,neu
gazprombank_debit_page2.json,1,2,1:2,Хочется отметить внимательное отношение сотрудников во главе с управляющей.,BRANCH_SERVICE,1.00,2.0,1.7571428571428573,1.927142857142857,2,pos
gazprombank_debit_page2.json,1,3,1:3,Мой вопрос решили оперативно.,,,4.0,1.7571428571428573,3.327142857142857,2,pos
gazprombank_debit_page2.json,1,4,1:4,"К тому же, предложили оформить дебетовую карту с условиями, которые мне понравились.",DEBIT_CARDS,1.00,2.0,1.7571428571428573,1.927142857142857,2,pos
gazprombank_debit_page2.json,1,5,1:5,Карту оформили оперативно.,,,2.0,1.7571428571428573,1.927142857142857,2,pos
gazprombank_debit_page2.json,1,6,1:6,Общение было продуктивным и приятным. Всем спасибо!,,,2.15,1.7571428571428573,2.032142857142857,2,pos
gazprombank_debit_page2.json,2,0,2:0,20.09. 2025 г. В банкомате офиса Газпромбанка в г. Пятигорске пытался снять свои наличные деньги по карте.,DEBIT_CARDS;BRANCH_SERVICE,1.00;1.00,0.0,-1.7714285714285716,-0.5314285714285715,0,neu
gazprombank_debit_page2.json,2,1,2:1,В офисе г. Пятигорска установлен банкомат даже сложно сказать год его изготовления.,DEBIT_CARDS;BRANCH_SERVICE,1.00;1.00,0.0,-1.7714285714285716,-0.5314285714285715,0,neu
gazprombank_debit_page2.json,2,2,2:2,"Думаю такие банкоматы делали много, много лет назад. Ужасно устаревший. .",DEBIT_CARDS,1.00,-2.4,-1.7714285714285716,-2.2114285714285713,-2,neg
gazprombank_debit_page2.json,2,3,2:3,"Получилось снять только часть денег по карте, после чего снятие денег заблокировали на 48 часов.",,,-4.0,-1.7714285714285716,-3.3314285714285714,-2,neg
gazprombank_debit_page2.json,2,4,2:4,Общение в чате банка ничего не решило.,REMOTE_SERVICE,1.00,-2.0,-1.7714285714285716,-1.9314285714285715,-2,neg
gazprombank_debit_page2.json,2,5,2:5,"Будьте готовы, что Ваши деньги в этом банке могут просто заблокировать",,,-4.0,-1.7714285714285716,-3.3314285714285714,-2,neg
gazprombank_debit_page2.json,2,6,2:6,без объяснения причин.,,,0.0,-1.7714285714285716,-0.5314285714285715,0,neu
gazprombank_debit_page2.json,3,0,3:0,Обратилась в банк,,,0.0,0.255,0.0765,0,neu
gazprombank_debit_page2.json,3,1,3:1,чтобы разблокировать карту и получить доступ в личный кабинет,DEBIT_CARDS;REMOTE_SERVICE,1.00;1.00,-2.0,0.255,-1.3235,-1,neg
gazprombank_debit_page2.json,3,2,3:2,"т.к. сумела в одночасье утратить и то, и другое.",,,0.0,0.255,0.0765,0,neu
gazprombank_debit_page2.json,3,3,3:3,Сотрудник очень вежливо выслушал и даже не засмеялся,BRANCH_SERVICE,2.00,2.4,0.255,1.7565,2,pos
gazprombank_debit_page2.json,3,4,3:4,когда я поведала ему все свои косяки.,,,0.0,0.255,0.0765,0,neu
gazprombank_debit_page2.json,3,5,3:5,"Поскольку я иногда подтупливаю, то доверила ему единоличное решение всех моих проблем.",,,-2.0,0.255,-1.3235,-1,neg
gazprombank_debit_page2.json,3,6,3:6,Ну то есть чтобы не задавал лишних вопросов.,,,0.0,0.255,0.0765,0,neu
gazprombank_debit_page2.json,3,7,3:7,"Малый попался сообразительный, с лету все понял.",,,2.0,0.255,1.4765,1,pos
gazprombank_debit_page2.json,3,8,3:8,"Потыкал минут 5 в своем компе и предоставил мне доступ ко всему, ранее утраченному.",,,0.0,0.255,0.0765,0,neu
gazprombank_debit_page2.json,3,9,3:9,"Здорово! Жалко, что он не может так же ловко решать другие мои жизненные трудности.",,,2.15,0.255,1.5815,2,pos
gazprombank_debit_page2.json,4,0,4:0,"Здравствуйте. Закрыли карту в с переводом средств на другую карту не спустя месяц, как указано (оказывается) в договоре, а через 35 дней, спустя примерно неделю на карту, указанную в заявлении пришла не полная сумма, остальная где-то зависла, ни в Газпроме, ни в банке, указанном в заявлении их нет.",MONEY_TRANSFERS,2.00,-4.0,-2.0,-3.4,-2,neg
gazprombank_debit_page2.json,4,1,4:1,Жду уже более двух недель.,,,0.0,-2.0,-0.6,0,neu
gazprombank_debit_page2.json,5,0,5:0,После получения дебетовой карты не смогла войти в приложение и активировать карту.,DEBIT_CARDS;MOBILE_APP,1.00;1.00,0.0,1.866666666666667,0.56,0,neu
gazprombank_debit_page2.json,5,1,5:1,Приехала в офис на декабристов.,BRANCH_SERVICE,1.00,0.0,1.866666666666667,0.56,0,neu
gazprombank_debit_page2.json,5,2,5:2,"Офис очень красивый, с кондиционером, людей было не много.",BRANCH_SERVICE,1.00,0.4,1.866666666666667,0.8400000000000001,1,pos
gazprombank_debit_page2.json,5,3,5:3,"Специалист банка быстро мне помогла, очень вежливая, ответила на все вопросы.",BRANCH_SERVICE,2.00,6.4,1.866666666666667,5.039999999999999,2,pos
gazprombank_debit_page2.json,5,4,5:4,Сложилось впечатление что специалист очень компетентная,BRANCH_SERVICE,1.00,2.4,1.866666666666667,2.24,2,pos
gazprombank_debit_page2.json,5,5,5:5,Спасибо за помощь.,,,2.0,1.866666666666667,1.96,2,pos
gazprombank_debit_page2.json,6,0,6:0,"Подошла получить зарплату карту, выдали талон.",BRANCH_SERVICE,1.00,0.0,0.0,0.0,0,neu
gazprombank_debit_page2.json,6,1,6:1,Время ожидания составило до 10 минут,BRANCH_SERVICE,1.00,-2.0,0.0,-1.4,-1,neg
gazprombank_debit_page2.json,6,2,6:2,сотрудник выдал карту в течение 15 минут (если сделать меньше бумажной волокиты - быстрее получение,BRANCH_SERVICE,1.00,2.0,0.0,1.4,1,pos
gazprombank_debit_page2.json,6,3,6:3,"увы, пока так нельзя).",,,0.0,0.0,0.0,0,neu
gazprombank_debit_page2.json,6,4,6:4,"Отделение чистое, комфортное.",BRANCH_SERVICE,1.00,0.0,0.0,0.0,0,neu
gazprombank_debit_page2.json,6,5,6:5,"Адрес: Вольская, 91.",,,0.0,0.0,0.0,0,neu
gazprombank_debit_page2.json,6,6,6:6,"как основной банк использовать бы не стала, не доверяю.",,,0.0,0.0,0.0,0,neu
gazprombank_debit_page2.json,7,0,7:0,выбрала удобное для мен время и место доставки.,,,2.0,1.0,1.7,2,pos
gazprombank_debit_page2.json,7,1,7:1,"Сразу же связались по телефону, уточнили детали.",REMOTE_SERVICE,1.00,0.0,1.0,0.3,0,neu
gazprombank_debit_page2.json,7,2,7:2,"Менеджер пришел в назначенное время, все вежливо, корректно и по существу обьяснил.",BRANCH_SERVICE,2.00,2.0,1.0,1.7,2,pos
gazprombank_debit_page2.json,7,3,7:3,Все свои действия комментировал (что делает,,,0.0,1.0,0.3,0,neu
gazprombank_debit_page2.json,7,4,7:4,"для чего, сколько времени это займет ) .",,,0.0,1.0,0.3,0,neu
gazprombank_debit_page2.json,7,5,7:5,Помог в установке приложения и входом в личный кабинет а инет.,REMOTE_SERVICE,1.00,2.0,1.0,1.7,2,pos
gazprombank_debit_page2.json,8,0,8:0,"Представь Газпромбанка доставил карту на следующий день после оформления заявки на сайте домой в удобное для меня время, ответил на все мои вопросы, помог скачать приложение Газпромбанка, обслуживанием довольна, большое спасибо!",MOBILE_APP,1.00,6.15,2.0500000000000003,4.92,2,pos
gazprombank_debit_page2.json,8,1,8:1,"Рассказал о вкладах, о накопительном счёте, порадовали хорошие проценты вклада и накопительного счета.",DEPOSITS,1.00,0.0,2.0500000000000003,0.6150000000000001,0,neu
gazprombank_debit_page2.json,8,2,8:2,Буду рекомендовать ваш банк знакомым.,,,0.0,2.0500000000000003,0.6150000000000001,0,neu
gazprombank_debit_page2.json,9,0,9:0,Пришла по приглашению через смс.,,,0.0,1.4666666666666668,0.44,0,neu
gazprombank_debit_page2.json,9,1,9:1,"Была проблема с получением талона, помогли без проблем.",BRANCH_SERVICE,1.00,-2.0,1.4666666666666668,-0.96,-1,neg
gazprombank_debit_page2.json,9,2,9:2,"Ждать не пришлось, приняли сразу.",BRANCH_SERVICE,2.00,0.0,1.4666666666666668,0.44,0,neu
gazprombank_debit_page2.json,9,3,9:3,"Девушка очень вежливая, всё объяснила, рассказала и показала, вопрос был решён в течении пяти минут.",BRANCH_SERVICE,1.00,4.4,1.4666666666666668,3.52,2,pos
gazprombank_debit_page2.json,9,4,9:4,По собственному опыту скажу,,,0.0,1.4666666666666668,0.44,0,neu
gazprombank_debit_page2.json,9,5,9:5,что в других банках,,,0.0,1.4666666666666668,0.44,0,neu
gazprombank_debit_page2.json,9,6,9:6,"это бывает, встречается очень не вежливые люди.",BRANCH_SERVICE,1.00,0.4,1.4666666666666668,0.72,0,neu
gazprombank_debit_page2.json,9,7,9:7,"В общем, ючто хочу сказать:расположение банка очень в удобном месте, персонал вежливый и приветливый, банковское приложение понятное и не сложное.",BRANCH_SERVICE,3.00,8.4,1.4666666666666668,6.32,2,pos
gazprombank_debit_page2.json,9,8,9:8,Спасибо большое всему коллективу Газпромбанка.,,,2.0,1.4666666666666668,1.8399999999999999,2,pos
gazprombank_debit_page2.json,10,0,10:0,Один из немногих понятных банков.,,,2.0,0.4444444444444444,1.5333333333333332,2,pos
gazprombank_debit_page2.json,10,1,10:1,Может не самый модный и не самый технологичный,,,0.0,0.4444444444444444,0.13333333333333333,0,neu
gazprombank_debit_page2.json,10,2,10:2,самый адекватный это точно.,,,0.0,0.4444444444444444,0.13333333333333333,0,neu
gazprombank_debit_page2.json,10,3,10:3,Не спамит ежедневным звонками,,,0.0,0.4444444444444444,0.13333333333333333,0,neu
gazprombank_debit_page2.json,10,4,10:4,доводит новости о продуктах.,,,0.0,0.4444444444444444,0.13333333333333333,0,neu
gazprombank_debit_page2.json,10,5,10:5,"Всегда можно получить поддержку, которая поможет.",REMOTE_SERVICE,1.00,2.0,0.4444444444444444,1.5333333333333332,2,pos
gazprombank_debit_page2.json,10,6,10:6,Ненужные услуги не навязываются.,,,-2.0,0.4444444444444444,-1.2666666666666666,-1,neg
gazprombank_debit_page2.json,10,7,10:7,Сеиь банкоматов обширная,DEBIT_CARDS,1.00,0.0,0.4444444444444444,0.13333333333333333,0,neu
gazprombank_debit_page2.json,10,8,10:8,если что можно воспрльзоваться партнерскими. Рекомендую.,,,2.0,0.4444444444444444,1.5333333333333332,2,pos
gazprombank_debit_page2.json,11,0,11:0,Получал премиальные карту.,DEBIT_CARDS,1.00,0.0,0.7142857142857143,0.21428571428571427,0,neu
gazprombank_debit_page2.json,11,1,11:1,"Сотрудник вежливый, терпеливый.",BRANCH_SERVICE,2.00,2.0,0.7142857142857143,1.614285714285714,2,pos
gazprombank_debit_page2.json,11,2,11:2,Контролировала полностью процесс.,,,0.0,0.7142857142857143,0.21428571428571427,0,neu
gazprombank_debit_page2.json,11,3,11:3,Рассказала о скрытых условиях.,,,0.0,0.7142857142857143,0.21428571428571427,0,neu
gazprombank_debit_page2.json,11,4,11:4,Все подробно перечислила.,,,0.0,0.7142857142857143,0.21428571428571427,0,neu
gazprombank_debit_page2.json,11,5,11:5,Рассказала о возможных вариантах.,,,0.0,0.7142857142857143,0.21428571428571427,0,neu
gazprombank_debit_page2.json,11,6,11:6,"Предложила воспользоваться симкартой с хорошим тарифом и бонусами, также рассказала как можно подобрать на накопительный счёт выгодные варианты ставок и виды вклада.",DEPOSITS,2.00,0.0,0.7142857142857143,0.21428571428571427,0,neu
gazprombank_debit_page2.json,11,7,11:7,пришёл в вечернее время.,,,0.0,0.7142857142857143,0.21428571428571427,0,neu
gazprombank_debit_page2.json,11,8,11:8,"Не перебивала, выслушала помогла подобрать и зарегистрировать дебетовую карту и подключила премиум услуги.",DEBIT_CARDS,1.00,2.0,0.7142857142857143,1.614285714285714,2,pos
gazprombank_debit_page2.json,11,9,11:9,Предупредила что нужно совершить одну покупку в месяц.,DEBIT_CARDS,1.00,0.0,0.7142857142857143,0.21428571428571427,0,neu
gazprombank_debit_page2.json,11,10,11:10,"Молодая, симпотичная и тактично девушка.",,,2.0,0.7142857142857143,1.614285714285714,2,pos
gazprombank_debit_page2.json,11,11,11:11,Подняла настроение и помогла все настроить в телефоне.,,,2.0,0.7142857142857143,1.614285714285714,2,pos
gazprombank_debit_page2.json,11,12,11:12,"Остался довольным, такое редко бывает.",,,0.0,0.7142857142857143,0.21428571428571427,0,neu
gazprombank_debit_page2.json,11,13,11:13,"Побольше бы таких сотрудников, обычно все совсем наоборот.",BRANCH_SERVICE,1.00,2.0,0.7142857142857143,1.614285714285714,2,pos
gazprombank_debit_page2.json,12,0,12:0,Заявку на карту оставлял 2.05.,,,0.0,-0.26666666666666666,-0.08,0,neu
gazprombank_debit_page2.json,12,1,12:1,"2025, получил карту 6.05.",,,0.0,-0.26666666666666666,-0.08,0,neu
gazprombank_debit_page2.json,12,2,12:2,2025. Совершил покупку на установленную сумму ровно на 30й день 4.06.,,,0.0,-0.26666666666666666,-0.08,0,neu
gazprombank_debit_page2.json,12,3,12:3,"2025, что подходит под условия акции.",OTHER_SERVICES,2.00,0.0,-0.26666666666666666,-0.08,0,neu
gazprombank_debit_page2.json,12,4,12:4,"Прошло уже три месяца с выполнения всех условий, крайний срок это два месяца, то есть уже месяц после конечной даты отправки прошел и за этот последний месяц никаких подвижек по разбирательству, газпромбанк в поддержке перекладывает ответственность на организатора акции ООО ""Гетблоггер"", те в ответ просто молчат.",OTHER_SERVICES,2.00,-2.0,-0.26666666666666666,-1.48,-1,neg
gazprombank_debit_page2.json,12,5,12:5,"был в участии в двух акциях, на сертификат и 1000 баллов от газпромбанка за покупки в первые 30 дней, за покупки 1000 получил, сертификат не получил.",OTHER_SERVICES,2.00,-2.0,-0.26666666666666666,-1.48,-1,neg
gazprombank_debit_page2.json,12,6,12:6,Ирония в том,,,0.0,-0.26666666666666666,-0.08,0,neu
gazprombank_debit_page2.json,12,7,12:7,что эта 1000 баллами никак не используется,OTHER_SERVICES,1.00,0.0,-0.26666666666666666,-0.08,0,neu
gazprombank_debit_page2.json,12,8,12:8,чтобы её потратить,,,0.0,-0.26666666666666666,-0.08,0,neu
gazprombank_debit_page2.json,12,9,12:9,надо пользоваться картой газпромбанка и хранить на ней деньги.,,,0.0,-0.26666666666666666,-0.08,0,neu
gazprombank_debit_page2.json,12,10,12:10,"Почему начислили баллы, где мне надо пользоваться картой для их использования и не начислили сертификат?",OTHER_SERVICES,2.00,0.0,-0.26666666666666666,-0.08,0,neu
gazprombank_debit_page2.json,12,11,12:11,Как хранить тут деньги,,,0.0,-0.26666666666666666,-0.08,0,neu
gazprombank_debit_page2.json,12,12,12:12,если даже с простым сертификатом идет обман?,OTHER_SERVICES,1.00,0.0,-0.26666666666666666,-0.08,0,neu
gazprombank_debit_page2.json,12,13,12:13,"Все для привлечения клиентов и потом начинается замкнутый круг разбирательств, где двое передают эстафету(в данном случае обращение) друг другу бесконечно, все нацеленно на то",,,0.0,-0.26666666666666666,-0.08,0,neu
gazprombank_debit_page2.json,12,14,12:14,что клиент сам забудет про это или не захочется разбираться в этой бесконечной рутине.,,,0.0,-0.26666666666666666,-0.08,0,neu
gazprombank_debit_page2.json,13,0,13:0,"Обратился в данный банк для окрытия дебетовой карты, в итоге навязали платные услуг, сим карту я ругался долго в этом банке",DEBIT_CARDS,1.00,-4.0,-2.6285714285714286,-3.5885714285714285,-2,neg
gazprombank_debit_page2.json,13,1,13:1,"там бестолковые сотрудник, им главное навязать свои услуги.",BRANCH_SERVICE,1.00,-2.0,-2.6285714285714286,-2.1885714285714286,-2,neg
gazprombank_debit_page2.json,13,2,13:2,"Отвратительный банк и обслуживание, менеджеры хамоватые не грамотные, навязывают услуги в наглую и ставят условия в этот банк больше не нагой и не кому не советую.",BRANCH_SERVICE,1.00,-8.4,-2.6285714285714286,-6.668571428571428,-2,neg
gazprombank_debit_page2.json,13,3,13:3,Такого я еще не видел.,,,0.0,-2.6285714285714286,-0.7885714285714286,-1,neg
gazprombank_debit_page2.json,13,4,13:4,. сразу после визита закрыл счет в данным банке т.,,,0.0,-2.6285714285714286,-0.7885714285714286,-1,neg
gazprombank_debit_page2.json,13,5,13:5,к навязали свою банковскую карту.,,,-2.0,-2.6285714285714286,-2.1885714285714286,-2,neg
gazprombank_debit_page2.json,13,6,13:6,"приложение для айфона нету, веб версия хромая короче это черная дыра а не банк.",MOBILE_APP,1.00,-2.0,-2.6285714285714286,-2.1885714285714286,-2,neg
gazprombank_debit_page2.json,14,0,14:0,"Хочу выразить благодарность представителю Газпромбанка, приехала вовремя и по адресу которой я ее попросил, помогла установить приложение, объяснила всё подробно, я на вахту собираюсь, хочу сделать карту газпромбанка зарплатной",MOBILE_APP,2.00,6.0,3.5,5.249999999999999,2,pos
gazprombank_debit_page2.json,14,1,14:1,думаю что эта карта отлично подойдёт,,,2.0,3.5,2.45,2,pos
gazprombank_debit_page2.json,14,2,14:2,объяснила про кэшбэк.,OTHER_SERVICES,1.00,4.0,3.5,3.8499999999999996,2,pos
gazprombank_debit_page2.json,14,3,14:3,Большое спасибо за помощь представителю Дарье)),,,2.0,3.5,2.45,2,pos
gazprombank_debit_page2.json,15,0,15:0,Доброго времени суток.,,,0.0,-0.24666666666666665,-0.074,0,neu
gazprombank_debit_page2.json,15,1,15:1,"Сегодня 19.09. 2025 года, постил офис банка по адресу г.Челябинск ул. Труда 172.",BRANCH_SERVICE,2.00,0.0,-0.24666666666666665,-0.074,0,neu
gazprombank_debit_page2.json,15,2,15:2,"Надо было поменять номер телефона, а так же выпустить дополнительную дебетовую карту.",DEBIT_CARDS,1.00,0.0,-0.24666666666666665,-0.074,0,neu
gazprombank_debit_page2.json,15,3,15:3,"Озвучив цель обращения менеджеру Елене Рулаковой, сразу же мы было сказано",BRANCH_SERVICE,1.00,0.0,-0.24666666666666665,-0.074,0,neu
gazprombank_debit_page2.json,15,4,15:4,что у них выпуск дебетовый карты возможен только при условии приобретения услуги Страхования от мошеннических действий и т.,DEBIT_CARDS,1.00,0.0,-0.24666666666666665,-0.074,0,neu
gazprombank_debit_page2.json,15,5,15:5,"п, на год, стоимостью 3000 рублей и это является обязательным условием !",,,0.15,-0.24666666666666665,0.031,0,neu
gazprombank_debit_page2.json,15,6,15:6,На что мной было опровергнуто это заявление,,,0.0,-0.24666666666666665,-0.074,0,neu
gazprombank_debit_page2.json,15,7,15:7,"сказав, что это скорее дополнительная добровольная услуга",OTHER_SERVICES,1.00,0.0,-0.24666666666666665,-0.074,0,neu
gazprombank_debit_page2.json,15,8,15:8,она не может быть обязательной,,,0.0,-0.24666666666666665,-0.074,0,neu
gazprombank_debit_page2.json,15,9,15:9,"мне сказали, что в их офисе так и они сами могут выставлять правила получения дебетовой карты",DEBIT_CARDS;BRANCH_SERVICE,1.00;1.00,0.0,-0.24666666666666665,-0.074,0,neu
gazprombank_debit_page2.json,15,10,15:10,"""обратитесь в другой офис или закажите доставку"".",BRANCH_SERVICE,1.00,-2.0,-0.24666666666666665,-1.474,-1,neg
gazprombank_debit_page2.json,15,11,15:11,"На мой вопрос, где можно ознакомится с этим правилом или требованием, было сказано ""негде нельзя"", я уточнил, разве отделение может устанавливать свои правила которые могут отличатся от банка, компании ?",BRANCH_SERVICE,1.00,0.0,-0.24666666666666665,-0.074,0,neu
gazprombank_debit_page2.json,15,12,15:12,ответ был утвердительный - да !,,,0.15,-0.24666666666666665,0.031,0,neu
gazprombank_debit_page2.json,15,13,15:13,"Дальше я включил диктофон, где еще раз задал вопрос, о том",,,0.0,-0.24666666666666665,-0.074,0,neu
gazprombank_debit_page2.json,15,14,15:14,что вы мне отказывается в получении дебетовой карты,DEBIT_CARDS,1.00,-2.0,-0.24666666666666665,-1.474,-1,neg
gazprombank_debit_page2.json,15,15,15:15,без приобретения услуги страхования ?,,,0.0,-0.24666666666666665,-0.074,0,neu
gazprombank_debit_page2.json,15,16,15:16,"В ответ молчание, постоянные перебежки ( видимо за ответом к кому то постарше).",,,0.0,-0.24666666666666665,-0.074,0,neu
gazprombank_debit_page2.json,15,17,15:17,"весь разговор записан, скину уполномоченным лицам.",,,0.0,-0.24666666666666665,-0.074,0,neu
gazprombank_debit_page2.json,15,18,15:18,"Далее после очередного похода в другую часть офиса, было предложено пока сменить номер, а дальше - так и быть, мы ""заведем заявку на открытие дебетовой карты"".",DEBIT_CARDS;BRANCH_SERVICE,1.00;1.00,-2.0,-0.24666666666666665,-1.474,-1,neg
gazprombank_debit_page2.json,15,19,15:19,"Номер сменили, далее началась комедия",,,0.0,-0.24666666666666665,-0.074,0,neu
gazprombank_debit_page2.json,15,20,15:20,что то пощелкали на клавиатуре и в ответ - извините,,,0.0,-0.24666666666666665,-0.074,0,neu
gazprombank_debit_page2.json,15,21,15:21,банк отказал вам в открытии карты )),,,-2.0,-0.24666666666666665,-1.474,-1,neg
gazprombank_debit_page2.json,15,22,15:22,"повторяю, я клиент банка, без каких либо блокировок и т.",,,-2.0,-0.24666666666666665,-1.474,-1,neg
gazprombank_debit_page2.json,15,23,15:23,"д Звоню на горячую линию банка, в 16:40 по местному времени, объясняю ситуацию, где конечно мне говорят",,,0.0,-0.24666666666666665,-0.074,0,neu
gazprombank_debit_page2.json,15,24,15:24,что это не обязательная услуга и не может быть обязательной в каком то офисе,BRANCH_SERVICE;OTHER_SERVICES,1.00;1.00,0.0,-0.24666666666666665,-0.074,0,neu
gazprombank_debit_page2.json,15,25,15:25,"далее поясняю, что мне утверждают обратное",,,0.0,-0.24666666666666665,-0.074,0,neu
gazprombank_debit_page2.json,15,26,15:26,"даже более, якобы банк отказал мне в открытии карты, оператор проверяет заявки или же статус заявки на открытии и говорит, сегодня не было заявок на открытие вам карты, конечно же я не удивляюсь, это понятно всем.",REMOTE_SERVICE,1.00,0.0,-0.24666666666666665,-0.074,0,neu
gazprombank_debit_page2.json,15,27,15:27,Захожу обратно в офис,BRANCH_SERVICE,1.00,0.0,-0.24666666666666665,-0.074,0,neu
gazprombank_debit_page2.json,15,28,15:28,рассказываю про разговор на горячей линии и что вы думаете ?,REMOTE_SERVICE,1.00,0.0,-0.24666666666666665,-0.074,0,neu
gazprombank_debit_page2.json,15,29,15:29,) Немного переписки по личному телефону и там видимо написали,,,0.0,-0.24666666666666665,-0.074,0,neu
gazprombank_debit_page2.json,15,30,15:30,"""На горячей линии не могут все видить, мы с ними не связаны, это стадия заявки на уровне нас и по ней пришел отказ, к ним отношения не имеет"" Что . .",REMOTE_SERVICE,1.00,-2.0,-0.24666666666666665,-1.474,-1,neg
gazprombank_debit_page2.json,15,31,15:31,Конечно на такое хамское самоуправство я не смог ничего сделать,,,0.0,-0.24666666666666665,-0.074,0,neu
gazprombank_debit_page2.json,15,32,15:32,все очевидно и всем понятно.,,,2.0,-0.24666666666666665,1.3259999999999998,1,pos
gazprombank_debit_page2.json,15,33,15:33,Скорее всего вовсе откажусь от данного банка и вам советую.,,,0.0,-0.24666666666666665,-0.074,0,neu
gazprombank_debit_page2.json,15,34,15:34,то в следующий раз,,,0.0,-0.24666666666666665,-0.074,0,neu
gazprombank_debit_page2.json,15,35,15:35,когда придется возможно снять валюту или вклад,DEPOSITS,1.00,0.0,-0.24666666666666665,-0.074,0,neu
gazprombank_debit_page2.json,15,36,15:36,"вам скажут, что чтобы это сделать - нужно обязательно купить пакеты страхования или другие услуги или нтвоего не отдадим и никакой управы на них нет !",,,0.15,-0.24666666666666665,0.031,0,neu
gazprombank_debit_page2.json,15,37,15:37,Пока - что это именно так.,,,0.0,-0.24666666666666665,-0.074,0,neu
gazprombank_debit_page2.json,15,38,15:38,"Кстати пока сидел в очереди, невольно слышал такие же рассказы при открытии вкладов пенсионерами, по поводу обязательной страховки, там и проценты выше и вообще лучше и не поменяются",DEPOSITS,1.00,-2.0,-0.24666666666666665,-1.474,-1,neg
gazprombank_debit_page2.json,15,39,15:39,если не оформить страховку на вклад в 300 000,DEPOSITS,1.00,0.0,-0.24666666666666665,-0.074,0,neu
gazprombank_debit_page2.json,15,40,15:40,(который по сути до 1.400.,,,0.0,-0.24666666666666665,-0.074,0,neu
gazprombank_debit_page2.json,15,41,15:41,"000 страхуется государством), то вы много потеряете.",,,0.0,-0.24666666666666665,-0.074,0,neu
gazprombank_debit_page2.json,15,42,15:42,Ничем не гнушаются !,,,0.15,-0.24666666666666665,0.031,0,neu
gazprombank_debit_page2.json,15,43,15:43,"Какие-то мошенники (именно сотрудники данного отделения) думающие только о своем кармане, продажах и премиях за эти продажи, втюхивания и подмены понятия портящие репутацию такого предприятия !",BRANCH_SERVICE,1.00,0.15,-0.24666666666666665,0.031,0,neu
gazprombank_debit_page2.json,15,44,15:44,! Так же копия с более детальныи объяснением и доказательствами будет отправлена в роспортебнадзор и финансому управляющему.,,,0.15,-0.24666666666666665,0.031,0,neu
gazprombank_debit_page2.json,16,0,16:0,"Добрый вечер. У меня несколько карт Газпромбанка, решил узнать работают ли они за пределами РФ.",,,2.0,0.4730769230769231,1.541923076923077,2,pos
gazprombank_debit_page2.json,16,1,16:1,Написал Вконтакте 19.09 в 20:25 :,,,0.0,0.4730769230769231,0.14192307692307693,0,neu
gazprombank_debit_page2.json,16,2,16:2,Доступны ли операции по карте виза за рубежом?,DEBIT_CARDS,1.00,0.0,0.4730769230769231,0.14192307692307693,0,neu
gazprombank_debit_page2.json,16,3,16:3,Ответ- недоступны любые операции за рубежом,,,-2.0,0.4730769230769231,-1.2580769230769229,-1,neg
gazprombank_debit_page2.json,16,4,16:4,Юнионпэй тоже не работает?,,,0.0,0.4730769230769231,0.14192307692307693,0,neu
gazprombank_debit_page2.json,16,5,16:5,Ответ-не работают,,,0.0,0.4730769230769231,0.14192307692307693,0,neu
gazprombank_debit_page2.json,16,6,16:6,Проходят ли покупки по карте мир за рубежом?,,,0.0,0.4730769230769231,0.14192307692307693,0,neu
gazprombank_debit_page2.json,16,7,16:7,"Ответ-без ограничений на территории РФ, а покупки проходят при условии",,,0.0,0.4730769230769231,0.14192307692307693,0,neu
gazprombank_debit_page2.json,16,8,16:8,что терминал принимает,,,0.0,0.4730769230769231,0.14192307692307693,0,neu
gazprombank_debit_page2.json,16,9,16:9,Будет ли работать в Армении?,,,0.0,0.4730769230769231,0.14192307692307693,0,neu
gazprombank_debit_page2.json,16,10,16:10,Ответ-да. Только в определённых устройствах (эквайер банк втб (Армения)).,,,0.0,0.4730769230769231,0.14192307692307693,0,neu
gazprombank_debit_page2.json,16,11,16:11,"Оператор отвечал чётко на поставленные вопросы, быстро и грамотно.",REMOTE_SERVICE,1.00,2.0,0.4730769230769231,1.541923076923077,2,pos
gazprombank_debit_page2.json,16,12,16:12,"Скрины прикрепляю. Как всегда, доволен консультацией. Спасибо!",,,4.15,0.4730769230769231,3.0469230769230773,2,pos
gazprombank_debit_page2.json,17,0,17:0,Уже два месяца банк не может закрыть счет и перевести остаток ДС.,MONEY_TRANSFERS,4.00,-2.0,-0.75,-1.625,-2,neg
gazprombank_debit_page2.json,17,1,17:1,"Каждый раз необходимо обращаться в офис банка, при обращении по новой пишу заявление на вывод денежный средст на карту другого банк.",BRANCH_SERVICE,2.00,-2.0,-0.75,-1.625,-2,neg
gazprombank_debit_page2.json,17,2,17:2,Газпромбанк требует каждый раз новые реквизиты,,,0.0,-0.75,-0.22499999999999998,0,neu
gazprombank_debit_page2.json,17,3,17:3,"не пишет причину, все вопросы отправляют решать в офис, в офисе ничего не знают, только могут по новой принять новое заявление.",BRANCH_SERVICE,1.00,-2.0,-0.75,-1.625,-2,neg
gazprombank_debit_page2.json,17,4,17:4,"Оставляла несколько обращений, отвечают отписками и отправляют опять в офис банка.",BRANCH_SERVICE,2.00,0.0,-0.75,-0.22499999999999998,0,neu
gazprombank_debit_page2.json,17,5,17:5,"Уважаемый газпромбанк, уточните уже пожалуйста, какие реквизиты уже вам нужны",,,0.0,-0.75,-0.22499999999999998,0,neu
gazprombank_debit_page2.json,17,6,17:6,когда вы переведете оставшиеся денежные средства и когда уже закроете счет?,,,0.0,-0.75,-0.22499999999999998,0,neu
gazprombank_debit_page2.json,17,7,17:7,"На минутку, все сроки уже вышли, счет должен был быть закрыт 8 сентября 2025 года.",,,0.0,-0.75,-0.22499999999999998,0,neu
gazprombank_debit_page2.json,18,0,18:0,Отзыв о работе специалиста выездного канала,BRANCH_SERVICE,1.00,0.0,2.4000000000000004,0.7200000000000001,0,neu
gazprombank_debit_page2.json,18,1,18:1,Максимально понятная и доступная консультация.,,,2.4,2.4000000000000004,2.4,2,pos
gazprombank_debit_page2.json,18,2,18:2,Спасибо сотруднику и банку.,BRANCH_SERVICE,1.00,2.0,2.4000000000000004,2.12,2,pos
gazprombank_debit_page2.json,18,3,18:3,"Я доволен. На встрече представитель банка рассказала о новой акции «кешбек 20% на супермаркеты», очень заинтересовался акцией, к тому ещё будут начислены дополнительные баллы за покупки.",OTHER_SERVICES,2.00,2.4,2.4000000000000004,2.4,2,pos
gazprombank_debit_page2.json,18,4,18:4,"У Газпромбанка, оказывается, есть новый накопительный счёт «ежедневная выгода», это очень радует, как раз хотел открыть счёт.",DEPOSITS,1.00,4.4,2.4000000000000004,3.8000000000000003,2,pos
gazprombank_debit_page2.json,18,5,18:5,Хочу поделиться своими впечатлениями о работе специалиста Миланы: её Профессионализм и компетентность впечатляют.,BRANCH_SERVICE,1.00,2.0,2.4000000000000004,2.12,2,pos
gazprombank_debit_page2.json,18,6,18:6,Все процедуры были выполнены максимально эффективно,,,2.4,2.4000000000000004,2.4,2,pos
gazprombank_debit_page2.json,18,7,18:7,качество обслуживания осталось на высшем уровне.,,,4.0,2.4000000000000004,3.52,2,pos
gazprombank_debit_page2.json,18,8,18:8,Особенно хочу отметить её умение объяснять сложные банковские процессы простым и понятным языком.,,,2.0,2.4000000000000004,2.12,2,pos
gazprombank_debit_page2.json,19,0,19:0,"Уже более 5 месяцев банк удерживает мои собственные средства, полученные от близкого родственника, заблокировав перевод между моими же счетами и сославшись на Указания Банка России № 4926-У.",,,-4.0,-1.25,-3.175,-2,neg
gazprombank_debit_page2.json,19,1,19:1,"никакого уведомления о блокировке я не получила, в результате чего все установленные законом сроки рассмотрения были нарушены.",,,-4.0,-1.25,-3.175,-2,neg
gazprombank_debit_page2.json,19,2,19:2,Фактически банк лишил меня возможности распоряжаться собственными деньгами.,,,0.0,-1.25,-0.375,0,neu
gazprombank_debit_page2.json,19,3,19:3,"В отделении мне отказали в выдаче наличных с карты, объясняя это «внутренними правилами».",,,-2.0,-1.25,-1.775,-2,neg
gazprombank_debit_page2.json,19,4,19:4,"Складывается впечатление, что банк намеренно использует мои средства в своих интересах",,,0.0,-1.25,-0.375,0,neu
gazprombank_debit_page2.json,19,5,19:5,вместо того чтобы выполнить прямые обязательства перед клиенткой.,,,0.0,-1.25,-0.375,0,neu
gazprombank_debit_page2.json,19,6,19:6,"Дополнительно выяснилось, что при закрытии счета банк не сможет перевести деньги на другой счет",MONEY_TRANSFERS,1.00,-2.0,-1.25,-1.775,-2,neg
gazprombank_debit_page2.json,19,7,19:7,поскольку операции блокируются уже по 161-ФЗ.,,,-2.0,-1.25,-1.775,-2,neg
gazprombank_debit_page2.json,19,8,19:8,"Таким образом я оказалась в замкнутом круге: и снять наличные невозможно, и перевести средства на другой счет невозможно.",,,-2.0,-1.25,-1.775,-2,neg
gazprombank_debit_page2.json,19,9,19:9,"Хочу подчеркнуть, что такие действия банка грубо нарушают ст.",,,-2.0,-1.25,-1.775,-2,neg
gazprombank_debit_page2.json,19,10,19:10,"859 ГК РФ, которая прямо предусматривает право клиента закрыть счет и получить остаток денежных средств по первому требованию.",,,0.0,-1.25,-0.375,0,neu
gazprombank_debit_page2.json,19,11,19:11,"Газпромбанк фактически отказывает мне в этом праве, прикрываясь внутренними правилами.",,,-2.0,-1.25,-1.775,-2,neg
gazprombank_debit_page2.json,19,12,19:12,Подобное отношение абсолютно не клиенториентировано и недопустимо для банка федерального уровня.,,,0.0,-1.25,-0.375,0,neu
gazprombank_debit_page2.json,19,13,19:13,"Мне морально тяжело испытывать такой груз и стресс на себе, я не вижу никакого содействия и помощи со стороны банка, а получаю только предвзятое отношение ко мне в отделении банка.",,,0.0,-1.25,-0.375,0,neu
gazprombank_debit_page2.json,19,14,19:14,"Я требую, чтобы Газпромбанк обеспечил мне законное право закрыть счет и получить все мои средства в виде наличных",,,0.0,-1.25,-0.375,0,neu
gazprombank_debit_page2.json,19,15,19:15,без дальнейших отговорок и нарушений законодательства.,,,0.0,-1.25,-0.375,0,neu
gazprombank_debit_page2.json,20,0,20:0,На протяжении недели не могу достучаться до сотрудников,BRANCH_SERVICE,1.00,-2.0,-0.7964285714285715,-1.6389285714285713,-2,neg
gazprombank_debit_page2.json,20,1,20:1,чтобы начать пользоваться своей зарплатной картой.,,,0.0,-0.7964285714285715,-0.23892857142857143,0,neu
gazprombank_debit_page2.json,20,2,20:2,"Начнем с того, насколько некомпетентны в работе операторы контактного центра.",REMOTE_SERVICE,1.00,-4.0,-0.7964285714285715,-3.0389285714285714,-2,neg
gazprombank_debit_page2.json,20,3,20:3,"Из 10 звонков - 10 разных ответов на один и тот же вопрос, никто не может помочь и ответ «это не в наших силах».",,,-2.0,-0.7964285714285715,-1.6389285714285713,-2,neg
gazprombank_debit_page2.json,20,4,20:4,"Ни один из сотрудников не смог помочь или даже подсказать, как действовать дальше.",BRANCH_SERVICE,1.00,0.0,-0.7964285714285715,-0.23892857142857143,0,neu
gazprombank_debit_page2.json,20,5,20:5,"Сначала были вопросы о том, как получить зарплатную карту.",,,0.0,-0.7964285714285715,-0.23892857142857143,0,neu
gazprombank_debit_page2.json,20,6,20:6,На что сотрудники переводили на работодателя и отправляли за картой в бухгалтерию.,BRANCH_SERVICE,1.00,0.0,-0.7964285714285715,-0.23892857142857143,0,neu
gazprombank_debit_page2.json,20,7,20:7,С горем пополам вычислили,,,0.0,-0.7964285714285715,-0.23892857142857143,0,neu
gazprombank_debit_page2.json,20,8,20:8,"что карта, оказывается",,,0.0,-0.7964285714285715,-0.23892857142857143,0,neu
gazprombank_debit_page2.json,20,9,20:9,находится все таки в офисе и забирать нужно в отделении банка.,BRANCH_SERVICE,1.00,0.0,-0.7964285714285715,-0.23892857142857143,0,neu
gazprombank_debit_page2.json,20,10,20:10,"Подсказать, в каком именно офисе, разумеется, никто не может.",BRANCH_SERVICE,1.00,-2.0,-0.7964285714285715,-1.6389285714285713,-2,neg
gazprombank_debit_page2.json,20,11,20:11,По приезде в отделение банка ДВУХЧАСОВАЯ ОЧЕРЕДЬ из 5 человек.,BRANCH_SERVICE,1.00,-4.2,-0.7964285714285715,-3.1789285714285715,-2,neg
gazprombank_debit_page2.json,20,12,20:12,"карту мне никто не выдал по причине «технической ошибки», то есть время было потеряно зря.",,,-4.0,-0.7964285714285715,-3.0389285714285714,-2,neg
gazprombank_debit_page2.json,20,13,20:13,"Карту не получилось ни выдать, ни активировать",,,0.0,-0.7964285714285715,-0.23892857142857143,0,neu
gazprombank_debit_page2.json,20,14,20:14,бы возможность воспользоваться своими деньгами.,,,0.0,-0.7964285714285715,-0.23892857142857143,0,neu
gazprombank_debit_page2.json,20,15,20:15,Отправили домой и сказали «ждать».,,,0.0,-0.7964285714285715,-0.23892857142857143,0,neu
gazprombank_debit_page2.json,20,16,20:16,"Ни сроков, ни контактов к кому могу обратиться не предоставили.",,,0.0,-0.7964285714285715,-0.23892857142857143,0,neu
gazprombank_debit_page2.json,20,17,20:17,"Сегодня посетил снова отделение банка, карту все же удалось выдать.",BRANCH_SERVICE,1.00,0.0,-0.7964285714285715,-0.23892857142857143,0,neu
gazprombank_debit_page2.json,20,18,20:18,"Она в статусе «заблокирована», ответ сотрудников «ожидайте». СРОКИ. .",BRANCH_SERVICE,1.00,-4.1,-0.7964285714285715,-3.1089285714285713,-2,neg
gazprombank_debit_page2.json,20,19,20:19,"Создали обращения, срок рассмотрения заявки до 10.10.",,,0.0,-0.7964285714285715,-0.23892857142857143,0,neu
gazprombank_debit_page2.json,20,20,20:20,Что за издевательство?,,,0.0,-0.7964285714285715,-0.23892857142857143,0,neu
gazprombank_debit_page2.json,20,21,20:21,? Что за клиентоориентированность?,,,0.0,-0.7964285714285715,-0.23892857142857143,0,neu
gazprombank_debit_page2.json,20,22,20:22,"? Где желание помочь клиенту решить вопрос, уважаемые сотрудники?",BRANCH_SERVICE,1.00,0.0,-0.7964285714285715,-0.23892857142857143,0,neu
gazprombank_debit_page2.json,20,23,20:23,"? Мои деньги находятся у банка, воспользоваться своими же деньгами я не могу.",,,0.0,-0.7964285714285715,-0.23892857142857143,0,neu
gazprombank_debit_page2.json,20,24,20:24,Номер обращения 2679889 .,,,0.0,-0.7964285714285715,-0.23892857142857143,0,neu
gazprombank_debit_page2.json,20,25,20:25,Я требую рассмотреть обращение в кратчайшие сроки и решить мой вопрос приоритетном порядке.,,,0.0,-0.7964285714285715,-0.23892857142857143,0,neu
gazprombank_debit_page2.json,20,26,20:26,. В ином случае я буду жаловаться в ЦБ РФ и Роспотребназдор.,,,0.0,-0.7964285714285715,-0.23892857142857143,0,neu
gazprombank_debit_page2.json,20,27,20:27,Жду обратной связи.,,,0.0,-0.7964285714285715,-0.23892857142857143,0,neu
gazprombank_debit_page2.json,21,0,21:0,Крайне разочарован обслуживанием.,,,-1.6,-1.2444444444444445,-1.4933333333333332,-1,neg
gazprombank_debit_page2.json,21,1,21:1,"Пользовался картой в личных целях, совершил всего три перевода по 1000 рублей, после чего получил блокировку операций по 115-ФЗ.",,,-2.0,-1.2444444444444445,-1.7733333333333332,-2,neg
gazprombank_debit_page2.json,21,2,21:2,"Это абсолютно несоразмерные меры, учитывая небольшие суммы и очевидно бытовой характер переводов.",,,0.0,-1.2444444444444445,-0.37333333333333335,0,neu
gazprombank_debit_page2.json,21,3,21:3,Особенно неприятно то,,,-2.0,-1.2444444444444445,-1.7733333333333332,-2,neg
gazprombank_debit_page2.json,21,4,21:4,что на этот счет мне должна поступать зарплата,,,0.0,-1.2444444444444445,-0.37333333333333335,0,neu
gazprombank_debit_page2.json,21,5,21:5,теперь я рискую остаться без доступа к собственным средствам из-за необоснованных действий банка.,,,0.0,-1.2444444444444445,-0.37333333333333335,0,neu
gazprombank_debit_page2.json,21,6,21:6,"Ожидал от крупного банка адекватного отношения к клиентам, а не чрезмерного применения 115-ФЗ.",,,0.0,-1.2444444444444445,-0.37333333333333335,0,neu
gazprombank_debit_page2.json,21,7,21:7,Считаю такой опыт крайне негативным и не рекомендую банк для зарплатных проектов.,,,-3.6,-1.2444444444444445,-2.8933333333333335,-2,neg
gazprombank_debit_page2.json,21,8,21:8,В случае отсутствия адекватного решения готов обращаться в контролирующие органы и писать жалобы во все соответствующие инстанции.,,,-2.0,-1.2444444444444445,-1.7733333333333332,-2,neg
gazprombank_debit_page2.json,22,0,22:0,Являюсь зарплатным клиентом с тарифом Премиум.,,,0.0,0.0,0.0,0,neu
gazprombank_debit_page2.json,22,1,22:1,Прилетело два ареста от приставов - дело житейской.,,,0.0,0.0,0.0,0,neu
gazprombank_debit_page2.json,22,2,22:2,Общая сумма 114 т.р. Каково же было мое удивление,,,0.0,0.0,0.0,0,neu
gazprombank_debit_page2.json,22,3,22:3,когда после двух поступлений на 96 и 22 т.р. баланс стал минус 16 т.р. Написал в поддержку,REMOTE_SERVICE,1.00,0.0,0.0,0.0,0,neu
gazprombank_debit_page2.json,22,4,22:4,так как всегда не понимают о чем речь или делают вид.,,,0.0,0.0,0.0,0,neu
gazprombank_debit_page2.json,22,5,22:5,Сверился на госуслугах - сумма задолженностей не изменилась.,,,0.0,0.0,0.0,0,neu
gazprombank_debit_page2.json,22,6,22:6,Пока писал это обращение пришла смс о том что зарегистрировано обрашение,,,0.0,0.0,0.0,0,neu
gazprombank_debit_page2.json,22,7,22:7,"срок рассмотрения 10 октября, сегодня 19 сентября.",,,0.0,0.0,0.0,0,neu
gazprombank_debit_page2.json,22,8,22:8,Премиум сервис от ГПБ.,OTHER_SERVICES,1.00,0.0,0.0,0.0,0,neu
gazprombank_debit_page2.json,23,0,23:0,"Сегодня я получила дебетовую карту Газпромбанк, получить её мне порекомендовала моя дочь, ранее она также получила доставкой от представителя Дмитрия, встреча прошла хорошо",DEBIT_CARDS,1.00,0.0,2.0,0.6,0,neu
gazprombank_debit_page2.json,23,1,23:1,представитель приехал когда мне было удобно,,,2.0,2.0,2.0,2,pos
gazprombank_debit_page2.json,23,2,23:2,"всё рассказал, показал и объяснил.",,,2.0,2.0,2.0,2,pos
gazprombank_debit_page2.json,23,3,23:3,Помог установить мобильные приложение и рассказал о услуге Защита карты и я её подключила.,MOBILE_APP,1.00,2.0,2.0,2.0,2,pos
gazprombank_debit_page2.json,23,4,23:4,Рекомендую отличный банк.,,,4.0,2.0,3.4,2,pos
gazprombank_debit_page2.json,24,0,24:0,Наконец-то я являюсь клиентом Газпромбанка.,,,0.0,0.76875,0.230625,0,neu
gazprombank_debit_page2.json,24,1,24:1,"Дорого смотрела и думала, стоит ли получать карту или нет.",,,0.0,0.76875,0.230625,0,neu
gazprombank_debit_page2.json,24,2,24:2,"Не погадала, Ксения приехала ко мне на встречу вовремя, по заранее согласованному времени, договорились на 15:00,19 сентября 2025.",,,0.0,0.76875,0.230625,0,neu
gazprombank_debit_page2.json,24,3,24:3,Встреча заняла всего 20 минут.,,,0.0,0.76875,0.230625,0,neu
gazprombank_debit_page2.json,24,4,24:4,"Мне рассказали про кешбек 20%, накопительный счёт, который идёт на ежедневный остаток и помогли проверить карту и её активировать.",DEPOSITS,1.00,2.0,0.76875,1.630625,2,pos
gazprombank_debit_page2.json,24,5,24:5,По ходу встречи у меня даже не возникало вопросов,,,0.0,0.76875,0.230625,0,neu
gazprombank_debit_page2.json,24,6,24:6,потому что информация преподносилась своевременно и в полном объеме.,,,2.0,0.76875,1.630625,2,pos
gazprombank_debit_page2.json,24,7,24:7,Спасибо за доставку!,,,2.15,0.76875,1.735625,2,pos
gazprombank_debit_page2.json,25,0,25:0,"Заказала дебетовую карту, привезли первый раз, было отсутствие интернета в связи с ракетной опасностью, перенесли, приехала другая девушка - К-ва Екатерина А.",DEBIT_CARDS,1.00,0.0,2.2,0.66,0,neu
gazprombank_debit_page2.json,25,1,25:1,"сделала и все супер классно и быстро, настроили приложение, подключили кешбэк - оказывается он самый большой из всех банков -20 процентов на гипермаркеты, думаю открыть накопительный счет - тоже крутой, спасибо.",MOBILE_APP,1.00,4.4,2.2,3.74,2,pos
gazprombank_debit_page2.json,26,0,26:0,"мало того, что год назад мне всучили кредитку со словами: ""без нее не имеем права выдать дебетовую карту для зарплаты",DEBIT_CARDS,1.00,0.0,-1.6333333333333333,-0.49,0,neu
gazprombank_debit_page2.json,26,1,26:1,"кредитная карта все равно бесплатно"", а она ПЛАТНАЯ, так теперь я еще это гг закрыть не могу",CREDIT_CARDS,1.00,-2.1,-1.6333333333333333,-1.96,-2,neg
gazprombank_debit_page2.json,26,2,26:2,потому что у этого банка самая ужасная и медленная система.,,,-4.4,-1.6333333333333333,-3.5700000000000003,-2,neg
gazprombank_debit_page2.json,26,3,26:3,Приложение неудобное и непонятное.,MOBILE_APP,1.00,-4.0,-1.6333333333333333,-3.29,-2,neg
gazprombank_debit_page2.json,26,4,26:4,Вечно тупит. И почему я вообще должна ждать когда система увидит,,,-2.0,-1.6333333333333333,-1.89,-2,neg
gazprombank_debit_page2.json,26,5,26:5,что у меня НЕТ ДОЛГОВ ПО КРЕДИКЕ,,,-2.2,-1.6333333333333333,-2.0300000000000002,-2,neg
gazprombank_debit_page2.json,26,6,26:6,чтобы я могла ее закрыть.,,,0.0,-1.6333333333333333,-0.49,0,neu
gazprombank_debit_page2.json,26,7,26:7,"Не рекомендую 100%, лучше Т-банк или Сбер, там",,,-2.0,-1.6333333333333333,-1.89,-2,neg
gazprombank_debit_page2.json,26,8,26:8,бы информация системой быстрее обрабатывается.,,,2.0,-1.6333333333333333,0.9099999999999999,1,pos
gazprombank_debit_page2.json,27,0,27:0,"Здравствуйте, сегодня 19.09.",,,0.0,1.3333333333333333,0.39999999999999997,0,neu
gazprombank_debit_page2.json,27,1,27:1,"2025г, я получила дебетовую карту Газпромбанк, хочу отметить качественную работу сотрудника Газпромбанка Дмитрия, карту Я заказала доставкой на дом, приехал представитель Дмитрий.",FIELD_SERVICE,2.00,4.0,1.3333333333333333,3.1999999999999997,2,pos
gazprombank_debit_page2.json,27,2,27:2,"Рассказал, показал и всё объяснил.",,,2.0,1.3333333333333333,1.7999999999999998,2,pos
gazprombank_debit_page2.json,27,3,27:3,Встречей Я осталась довольна.,,,0.0,1.3333333333333333,0.39999999999999997,0,neu
gazprombank_debit_page2.json,27,4,27:4,Так же хочу отметить саму карту дебетовую.,DEBIT_CARDS,1.00,0.0,1.3333333333333333,0.39999999999999997,0,neu
gazprombank_debit_page2.json,27,5,27:5,Кэшбэк хороший и удобное мобильно приложение,MOBILE_APP;OTHER_SERVICES,1.00;1.00,2.0,1.3333333333333333,1.7999999999999998,2,pos
gazprombank_debit_page2.json,28,0,28:0,Сегодня получала новую дебетовую карту.,DEBIT_CARDS,1.00,0.0,1.2214285714285715,0.36642857142857144,0,neu
gazprombank_debit_page2.json,28,1,28:1,Очень довольна компетентностью сотрудника банка.,BRANCH_SERVICE,1.00,2.4,1.2214285714285715,2.0464285714285713,2,pos
gazprombank_debit_page2.json,28,2,28:2,Приём прошёл точно по времени.,,,0.0,1.2214285714285715,0.36642857142857144,0,neu
gazprombank_debit_page2.json,28,3,28:3,Я получила ответы на все мои вопросы.,,,0.0,1.2214285714285715,0.36642857142857144,0,neu
gazprombank_debit_page2.json,28,4,28:4,их было немало.,,,0.0,1.2214285714285715,0.36642857142857144,0,neu
gazprombank_debit_page2.json,28,5,28:5,Терпеливо и грамотно мне все разъяснили.,,,2.0,1.2214285714285715,1.7664285714285715,2,pos
gazprombank_debit_page2.json,28,6,28:6,"Были даны советы как лучше пользоваться картой, какие у карты преимущества. Благодарю!",,,4.15,1.2214285714285715,3.271428571428572,2,pos
gazprombank_debit_page2.json,29,0,29:0,Заказал дебетовую карту Газпромбанка с доставкой.,DEBIT_CARDS,1.00,0.0,1.6,0.48,0,neu
gazprombank_debit_page2.json,29,1,29:1,"Представитель заранее позвонила, согласовали время встречи.",,,0.0,1.6,0.48,0,neu
gazprombank_debit_page2.json,29,2,29:2,"Приехала в назначенное время, грамотно и доходчиво объяснила, показала как пользоваться приложением, какие выгоды дает заказанная мною карта.",MOBILE_APP,1.00,4.0,1.6,3.28,2,pos
gazprombank_debit_page2.json,29,3,29:3,"встреча прошла оперативно, не затянуто.",,,2.0,1.6,1.88,2,pos
gazprombank_debit_page2.json,29,4,29:4,Представитель была вежлива и приятна в общении.,BRANCH_SERVICE,1.00,2.0,1.6,1.88,2,pos
gazprombank_debit_page2.json,30,0,30:0,Собирал с однокашников средства на памятные медали и значки.,,,0.0,-0.2,-0.06,0,neu
gazprombank_debit_page2.json,30,1,30:1,"Много переводов разными суммами с разных концов страны, понятно",,,2.0,-0.2,1.3399999999999999,1,pos
gazprombank_debit_page2.json,30,2,30:2,банк что карту заблокировал.,,,-2.0,-0.2,-1.46,-1,neg
gazprombank_debit_page2.json,30,3,30:3,К этому претензий нет.,,,0.0,-0.2,-0.06,0,neu
gazprombank_debit_page2.json,30,4,30:4,"Сейчас куча разных ""коучеров"", с ними надо бороться.",,,0.0,-0.2,-0.06,0,neu
gazprombank_debit_page2.json,30,5,30:5,"В этот же день отправил пояснения на указанный банком электронный адрес, приложил список однокашников с их ФИО и контактными данными (телефоны и логины в Телеграмме), фото своего училищного удостоверения, экспорт чата с начальником производства фирмы, где планируем делать памятные знаки. дальше - тишина.",REMOTE_SERVICE,1.00,-2.0,-0.2,-1.46,-1,neg
gazprombank_debit_page2.json,30,6,30:6,"Ни подтверждения получения пояснений с документами и принятия их в работу, ни входящего номера. Вообще ничего. .",,,0.0,-0.2,-0.06,0,neu
gazprombank_debit_page2.json,30,7,30:7,"Хорошо, через 9 дней сам звоню на горячую линию (мальчик Антон №55110), прошу предоставить в соответствии с 59ФЗ входящий номер или",,,0.0,-0.2,-0.06,0,neu
gazprombank_debit_page2.json,30,8,30:8,бы подтвердить факт того,,,0.0,-0.2,-0.06,0,neu
gazprombank_debit_page2.json,30,9,30:9,что мои пояснения дошли и не пропали на просторах интернета.,,,0.0,-0.2,-0.06,0,neu
gazprombank_debit_page2.json,30,10,30:10,"мне заявляют - ""Банк не регистрирует и не уведомляет о ходе и итогах рассмотрения обращений такого типа"".",,,0.0,-0.2,-0.06,0,neu
gazprombank_debit_page2.json,30,11,30:11,"Вежливо напоминаю о 59ФЗ, о том",BRANCH_SERVICE,1.00,2.0,-0.2,1.3399999999999999,1,pos
gazprombank_debit_page2.json,30,12,30:12,что 115ФЗ не отменяет и не запрещает исполнение 59ФЗ.,,,0.0,-0.2,-0.06,0,neu
gazprombank_debit_page2.json,30,13,30:13,"Мальчик Антон действует по скрипту и водит меня по словесному кругу, талдыча",,,0.0,-0.2,-0.06,0,neu
gazprombank_debit_page2.json,30,14,30:14,"что ""Банк не регистрирует и не уведомляет о ходе и итогах рассмотрения обращений такого типа"".",,,0.0,-0.2,-0.06,0,neu
gazprombank_debit_page2.json,30,15,30:15,"Ладно - пришел в офис, прошу закрыть счет и выдать мне денежные средства на руки. Отказ. .",BRANCH_SERVICE,1.00,-2.0,-0.2,-1.46,-1,neg
gazprombank_debit_page2.json,30,16,30:16,"""На руки выдать не можем, только перевод в другой банк, причем платно. . "".",,,0.0,-0.2,-0.06,0,neu
gazprombank_debit_page2.json,30,17,30:17,"Я долго был клиентов Вашего банка, пользовался картами и вкладами.",DEPOSITS,1.00,-2.0,-0.2,-1.46,-1,neg
gazprombank_debit_page2.json,30,18,30:18,в один день Вы все испоганили.,,,0.0,-0.2,-0.06,0,neu
gazprombank_debit_page2.json,30,19,30:19,Деньги Вам я больше никогда не доверю.,,,0.0,-0.2,-0.06,0,neu
gazprombank_debit_page2.json,31,0,31:0,2ой день не могу перевести деньги на свой счёт в другом банке.,MONEY_TRANSFERS,1.00,0.0,-0.4444444444444444,-0.13333333333333333,0,neu
gazprombank_debit_page2.json,31,1,31:1,"Пишет, что СПБ временно не работает.",,,0.0,-0.4444444444444444,-0.13333333333333333,0,neu
gazprombank_debit_page2.json,31,2,31:2,"Сотрудники видимо ""косят"" под дурачеов",BRANCH_SERVICE,1.00,0.0,-0.4444444444444444,-0.13333333333333333,0,neu
gazprombank_debit_page2.json,31,3,31:3,т.к. вижу что проблемы не только у меня.,,,-2.0,-0.4444444444444444,-1.5333333333333332,-2,neg
gazprombank_debit_page2.json,31,4,31:4,Мне уже написали обновить приложение,MOBILE_APP,1.00,0.0,-0.4444444444444444,-0.13333333333333333,0,neu
gazprombank_debit_page2.json,31,5,31:5,потом предложили через реквизиты отправить и что это без комиссии,,,0.0,-0.4444444444444444,-0.13333333333333333,0,neu
gazprombank_debit_page2.json,31,6,31:6,когда всё ввела,,,0.0,-0.4444444444444444,-0.13333333333333333,0,neu
gazprombank_debit_page2.json,31,7,31:7,написано что будет списана комиссия и что сумма перевода ограничена.,,,-2.0,-0.4444444444444444,-1.5333333333333332,-2,neg
gazprombank_debit_page2.json,31,8,31:8,ответили по ней совсем не на тему переводов. . как отписка Слов нет. .,,,0.0,-0.4444444444444444,-0.13333333333333333,0,neu
gazprombank_debit_page2.json,32,0,32:0,"Выражаю благодарность Якубинскому Андрею Игоревичу за профессионализм, пунктуальность и внимательное отношение к клиенту.",,,2.0,2.466666666666667,2.1399999999999997,2,pos
gazprombank_debit_page2.json,32,1,32:1,"Дебетовую карту Газпромбанка доставил в оговорённое время, подробно объяснил все условия обслуживания и ответил на все мои вопросы.",DEBIT_CARDS,1.00,2.0,2.466666666666667,2.1399999999999997,2,pos
gazprombank_debit_page2.json,32,2,32:2,"Был вежлив, доброжелателен и терпелив.",BRANCH_SERVICE,1.00,4.0,2.466666666666667,3.54,2,pos
gazprombank_debit_page2.json,32,3,32:3,"Благодаря его работе процесс получения карты оказался максимально простым, быстрым и комфортным.",,,0.4,2.466666666666667,1.02,1,pos
gazprombank_debit_page2.json,32,4,32:4,"Очень приятно, когда встречаешь такого ответственного и компетентного специалиста.",BRANCH_SERVICE,1.00,2.4,2.466666666666667,2.42,2,pos
gazprombank_debit_page2.json,32,5,32:5,"Рекомендую сотрудничество с Андреем Игоревичем всем, кто ценит качественный сервис.",OTHER_SERVICES,1.00,4.0,2.466666666666667,3.54,2,pos
gazprombank_debit_page2.json,33,0,33:0,Никому не рекомндую оплачивать покупки картой Газпромбанка.,,,0.0,0.14736842105263157,0.04421052631578947,0,neu
gazprombank_debit_page2.json,33,1,33:1,В последнее время появилось очень много вопросов к этому банку.,,,0.4,0.14736842105263157,0.32421052631578945,0,neu
gazprombank_debit_page2.json,33,2,33:2,Особенно в плане прозрачности обслуживания клиентов и компетентности сотрудников службы подддержки.,BRANCH_SERVICE,1.00,2.0,0.14736842105263157,1.4442105263157894,1,pos
gazprombank_debit_page2.json,33,3,33:3,"Поскольку у меня подключена премиальная программа, то я получаю 2% баллами кешбека за каждую покупку.",OTHER_SERVICES,1.00,0.0,0.14736842105263157,0.04421052631578947,0,neu
gazprombank_debit_page2.json,33,4,33:4,"это не рубли, а именно баллы",OTHER_SERVICES,1.00,0.0,0.14736842105263157,0.04421052631578947,0,neu
gazprombank_debit_page2.json,33,5,33:5,чтобы их превратить в деньги,,,0.0,0.14736842105263157,0.04421052631578947,0,neu
gazprombank_debit_page2.json,33,6,33:6,"нужно очень постараться, иначе они сгорают прямо у вас на глазах, без предупреждений и каких-то записей в разделе по начислению кешбека.",,,0.4,0.14736842105263157,0.32421052631578945,0,neu
gazprombank_debit_page2.json,33,7,33:7,"Как я узнала, уже потратив довольно значительную сумму денег и заработав почти 5000 баллов",,,0.0,0.14736842105263157,0.04421052631578947,0,neu
gazprombank_debit_page2.json,33,8,33:8,что их можно либо сконвертировать по курсу 1 балл = 0.,,,0.0,0.14736842105263157,0.04421052631578947,0,neu
gazprombank_debit_page2.json,33,9,33:9,"8 рублей, и при таком обмене я теряю больше 1000 рублей, либо скомпенсировать покупку 1 рубль = 1 балл.",,,0.0,0.14736842105263157,0.04421052631578947,0,neu
gazprombank_debit_page2.json,33,10,33:10,вот тут и началось самое интересное.,,,0.0,0.14736842105263157,0.04421052631578947,0,neu
gazprombank_debit_page2.json,33,11,33:11,"На выгодную конвертацию система мне предложила только мою покупку в более чем в 100 000 рублей, которую можно скомпесировать не меньшим количеством баллов.",,,0.0,0.14736842105263157,0.04421052631578947,0,neu
gazprombank_debit_page2.json,33,12,33:12,То есть копить я буду на эту конвертацию еще ближайшие лет 20.,,,0.0,0.14736842105263157,0.04421052631578947,0,neu
gazprombank_debit_page2.json,33,13,33:13,Позже я узнала,,,0.0,0.14736842105263157,0.04421052631578947,0,neu
gazprombank_debit_page2.json,33,14,33:14,что покупка для компенсации должна быть более 2500 рублей (со слов оператора).,REMOTE_SERVICE,1.00,0.0,0.14736842105263157,0.04421052631578947,0,neu
gazprombank_debit_page2.json,33,15,33:15,Поняв таким образом,,,0.0,0.14736842105263157,0.04421052631578947,0,neu
gazprombank_debit_page2.json,33,16,33:16,что баллы кешбека в данном банке - это просто фантики,OTHER_SERVICES,1.00,0.0,0.14736842105263157,0.04421052631578947,0,neu
gazprombank_debit_page2.json,33,17,33:17,"я решила вернуться к оплате картой банка ВТБ, где был более выгодный кешбек, который выплачивался рублями 1 к 1 без всяких танцев с бубном.",,,2.0,0.14736842105263157,1.4442105263157894,1,pos
gazprombank_debit_page2.json,33,18,33:18,"только было я собралась сконвертировать ""фантики"" газпромбанка по невыгодному курсу, как увидела в системе",,,0.0,0.14736842105263157,0.04421052631578947,0,neu
gazprombank_debit_page2.json,33,19,33:19,что у меня пропали 422 балла,,,0.0,0.14736842105263157,0.04421052631578947,0,neu
gazprombank_debit_page2.json,33,20,33:20,без следа или какой-либо записи.,,,0.0,0.14736842105263157,0.04421052631578947,0,neu
gazprombank_debit_page2.json,33,21,33:21,При звонке в колл-центр оказалось,,,0.0,0.14736842105263157,0.04421052631578947,0,neu
gazprombank_debit_page2.json,33,22,33:22,что прошел срок давности больше 12 месяцев.,,,0.0,0.14736842105263157,0.04421052631578947,0,neu
gazprombank_debit_page2.json,33,23,33:23,"Ни уведомлений, ни предупреждений от банка в личном кабинете не было.",,,0.0,0.14736842105263157,0.04421052631578947,0,neu
gazprombank_debit_page2.json,33,24,33:24,"Видимо, я должна была на каждое начисление ставить уведомление на год вперед.",,,0.0,0.14736842105263157,0.04421052631578947,0,neu
gazprombank_debit_page2.json,33,25,33:25,на мой вопрос,,,0.0,0.14736842105263157,0.04421052631578947,0,neu
gazprombank_debit_page2.json,33,26,33:26,не спишется ли завтра еще что-нибудь,,,0.0,0.14736842105263157,0.04421052631578947,0,neu
gazprombank_debit_page2.json,33,27,33:27,"сотрудник ответил, что такой информации в системе нет.",BRANCH_SERVICE,1.00,0.0,0.14736842105263157,0.04421052631578947,0,neu
gazprombank_debit_page2.json,33,28,33:28,Занавес. Попросила составить притензию,,,0.0,0.14736842105263157,0.04421052631578947,0,neu
gazprombank_debit_page2.json,33,29,33:29,чтобы вернули баллы.,OTHER_SERVICES,1.00,0.0,0.14736842105263157,0.04421052631578947,0,neu
gazprombank_debit_page2.json,33,30,33:30,"Получила отписку, что баллы сгорели",OTHER_SERVICES,1.00,0.0,0.14736842105263157,0.04421052631578947,0,neu
gazprombank_debit_page2.json,33,31,33:31,ничего не вернем.,,,0.0,0.14736842105263157,0.04421052631578947,0,neu
gazprombank_debit_page2.json,33,32,33:32,Вот такая система лояльности в Газпромбанке для премиальных клиентов.,,,0.0,0.14736842105263157,0.04421052631578947,0,neu
gazprombank_debit_page2.json,33,33,33:33,При сегодняшней ситуации,,,0.0,0.14736842105263157,0.04421052631578947,0,neu
gazprombank_debit_page2.json,33,34,33:34,когда еще и вклады открывать у них очень невыгодно (последний раз при открытии система показала один процент,DEPOSITS,1.00,0.4,0.14736842105263157,0.32421052631578945,0,neu
gazprombank_debit_page2.json,33,35,33:35,"по факту вклад открылся под меньший), и при таких частых проблемах в обслуживании клиентов, я начинаю очень серьезно задумываться над тем",DEPOSITS,1.00,-1.6,0.14736842105263157,-1.0757894736842104,-1,neg
gazprombank_debit_page2.json,33,36,33:36,чтобы перевести все свои накомления в другой банк,,,0.0,0.14736842105263157,0.04421052631578947,0,neu
gazprombank_debit_page2.json,33,37,33:37,где более прозрачное и компетентное обслуживание.,,,2.0,0.14736842105263157,1.4442105263157894,1,pos
gazprombank_debit_page2.json,34,0,34:0,"Здравствуйте, сегодня состоялась моя встреча по получению дебетовой карты, Газпромбанк.",DEBIT_CARDS,1.00,0.0,0.4444444444444444,0.13333333333333333,0,neu
gazprombank_debit_page2.json,34,1,34:1,"Со мной заранее связалась, Ксения В.",,,0.0,0.4444444444444444,0.13333333333333333,0,neu
gazprombank_debit_page2.json,34,2,34:2,договорились на 11:00.,,,0.0,0.4444444444444444,0.13333333333333333,0,neu
gazprombank_debit_page2.json,34,3,34:3,"Ксения В. приехала вовремя, объяснила всё по документам, рассказала про акцию 20% на продукты.",,,4.0,0.4444444444444444,2.933333333333333,2,pos
gazprombank_debit_page2.json,34,4,34:4,Так же приятно,,,0.0,0.4444444444444444,0.13333333333333333,0,neu
gazprombank_debit_page2.json,34,5,34:5,что карта бесплатная,,,0.0,0.4444444444444444,0.13333333333333333,0,neu
gazprombank_debit_page2.json,34,6,34:6,платить не надо.,,,0.0,0.4444444444444444,0.13333333333333333,0,neu
gazprombank_debit_page2.json,34,7,34:7,Встречей довольна. Ксении В.,,,0.0,0.4444444444444444,0.13333333333333333,0,neu
gazprombank_debit_page2.json,34,8,34:8,успехов в ее труде и лояльных клиентов.,,,0.0,0.4444444444444444,0.13333333333333333,0,neu
gazprombank_debit_page2.json,35,0,35:0,Хочу выразить огромную благодарность прежставителю газаромбанка Ш-ву Артему Д.,,,0.0,1.1,0.33,0,neu
gazprombank_debit_page2.json,35,1,35:1,"Вовремя приехал, помог установить приложение банка, рассказал про акции, кэшбек .",MOBILE_APP,2.00,2.0,1.1,1.73,2,pos
gazprombank_debit_page2.json,35,2,35:2,"Буду пользоваться акцией кэш бек 100%, так же открою накопительный счёт на ежедневный остаток.",DEPOSITS,1.00,0.0,1.1,0.33,0,neu
gazprombank_debit_page2.json,35,3,35:3,"Очень удобно иметь как кошелёк, который ещё дополнительные деньги",,,2.4,1.1,2.01,2,pos
gazprombank_debit_page2.json,36,0,36:0,Потерял зарплатную карту.,,,0.0,-0.4444444444444444,-0.13333333333333333,0,neu
gazprombank_debit_page2.json,36,1,36:1,На новую заявление писать нужно только лично в офисе.,BRANCH_SERVICE,1.00,0.0,-0.4444444444444444,-0.13333333333333333,0,neu
gazprombank_debit_page2.json,36,2,36:2,"Причём получить обычную не могу, только именную.",,,0.0,-0.4444444444444444,-0.13333333333333333,0,neu
gazprombank_debit_page2.json,36,3,36:3,В итоге я отпрашиваюсь с работы,,,0.0,-0.4444444444444444,-0.13333333333333333,0,neu
gazprombank_debit_page2.json,36,4,36:4,чтобы приехать в рабочее время банка.,,,0.0,-0.4444444444444444,-0.13333333333333333,0,neu
gazprombank_debit_page2.json,36,5,36:5,"Дважды просидел в очереди по 40-50 минут, услугу не получил из-за отсутствия такого количества свободного времени.",,,-2.0,-0.4444444444444444,-1.5333333333333332,-2,neg
gazprombank_debit_page2.json,36,6,36:6,"Сегодня сижу третий раз, снова 50мин и моя очередь ещё не пришла.",,,-2.0,-0.4444444444444444,-1.5333333333333332,-2,neg
gazprombank_debit_page2.json,36,7,36:7,"люди, прошедшие после меня, уже прошли.",,,0.0,-0.4444444444444444,-0.13333333333333333,0,neu
gazprombank_debit_page2.json,36,8,36:8,"Видимо, люди с зарплатными картами - второго",,,0.0,-0.4444444444444444,-0.13333333333333333,0,neu
gazprombank_debit_page2.json,37,0,37:0,"УДобный банк, просто использовать, нет никаких проблем.",,,0.0,-1.3333333333333333,-0.39999999999999997,0,neu
gazprombank_debit_page2.json,37,1,37:1,"быстрая очередь, банкомат, открытие счета и получение карты без проблем.",DEBIT_CARDS,1.00,-4.0,-1.3333333333333333,-3.1999999999999997,-2,neg
gazprombank_debit_page2.json,37,2,37:2,"Пользуюсь для хранения средств, а также оплаты покупок",,,0.0,-1.3333333333333333,-0.39999999999999997,0,neu
gazprombank_debit_page2.json,38,0,38:0,В течение длительного времени я сталкиваюсь с системными сбоями в работе:,,,0.0,-1.5238095238095237,-0.4571428571428571,0,neu
gazprombank_debit_page2.json,38,1,38:1,Официальный сайт и мобильное приложение функционируют с критическими ошибками: После блокировки счета по 115-ФЗ интерфейсы личного кабинета грузятся неполностью.,MOBILE_APP,2.00,-4.0,-1.5238095238095237,-3.257142857142857,-2,neg
gazprombank_debit_page2.json,38,2,38:2,"Отображаются только данные по карте и остаток средств, в то время как доступ к разделам истории операций, шаблонам платежей, функции создания обращений и иной функциональности отсутствует.",,,0.0,-1.5238095238095237,-0.4571428571428571,0,neu
gazprombank_debit_page2.json,38,3,38:3,"11-12.09. 2025 мною было подано в ваше отделение по адресу: г. Красноярск, пр-т Мира, 128 заявление о закрытии текущего счета и перечислении всех остатков денежных средств на мой счет в другом банке.",BRANCH_SERVICE,1.00,0.0,-1.5238095238095237,-0.4571428571428571,0,neu
gazprombank_debit_page2.json,38,4,38:4,"Сотрудник банка принял мое заявление, о чем была произведена соответствующая запись в банковской системе, и были записаны предоставленные мной реквизиты для перевода.",BRANCH_SERVICE,1.00,0.0,-1.5238095238095237,-0.4571428571428571,0,neu
gazprombank_debit_page2.json,38,5,38:5,"С момента подачи моего заявления прошло более 7 (семи) рабочих дней, установленных законом для совершения данного действия.",,,0.0,-1.5238095238095237,-0.4571428571428571,0,neu
gazprombank_debit_page2.json,38,6,38:6,денежные средства на указанный мной счет до сих пор не поступили.,,,0.0,-1.5238095238095237,-0.4571428571428571,0,neu
gazprombank_debit_page2.json,38,7,38:7,"Таким образом, АО «Газпромбанк» грубо нарушает положения пункта 5.",,,0.0,-1.5238095238095237,-0.4571428571428571,0,neu
gazprombank_debit_page2.json,38,8,38:8,"1 статьи 859 Гражданского кодекса Российской Федерации, который обязывает кредитную организацию перечислить остаток средств клиенту не позднее семи рабочих дней после получения заявления о закрытии счета.",,,0.0,-1.5238095238095237,-0.4571428571428571,0,neu
gazprombank_debit_page2.json,38,9,38:9,"Также сообщаю, что в период блокировки счета с моей карты была списана сумма в размере 299 рублей за некую «подписку».",,,-4.0,-1.5238095238095237,-3.257142857142857,-2,neg
gazprombank_debit_page2.json,38,10,38:10,Прошу дать разъяснения по основанию и законности данного списания при заблокированном счете и в рамках процедуры его закрытия.,,,-4.0,-1.5238095238095237,-3.257142857142857,-2,neg
gazprombank_debit_page2.json,38,11,38:11,Данная ситуация наносит мне прямой финансовый ущерб,,,0.0,-1.5238095238095237,-0.4571428571428571,0,neu
gazprombank_debit_page2.json,38,12,38:12,так как заблокированные денежные средства предназначены для срочной оплаты обязательного платежа по кредитной карте в другом банке.,,,-2.0,-1.5238095238095237,-1.857142857142857,-2,neg
gazprombank_debit_page2.json,38,13,38:13,"Просрочка данного платежа повлечет начисление высоких процентов и штрафов, а также ущерб моей кредитной истории.",,,-4.0,-1.5238095238095237,-3.257142857142857,-2,neg
gazprombank_debit_page2.json,38,14,38:14,"На основании изложенного, требую:",,,0.0,-1.5238095238095237,-0.4571428571428571,0,neu
gazprombank_debit_page2.json,38,15,38:15,"1. Немедленно, в течение одного рабочего дня с момента получения данной претензии, перечислить всю сумму остатка на моем счете, включая незаконно списанные 299 рублей, на реквизиты, предоставленные мной при подаче заявления.",,,-2.0,-1.5238095238095237,-1.857142857142857,-2,neg
gazprombank_debit_page2.json,38,16,38:16,2. Предоставить мне письменное подтверждение о закрытии счета и перечислении денежных средств (можно в формате PDF-файла).,,,0.0,-1.5238095238095237,-0.4571428571428571,0,neu
gazprombank_debit_page2.json,38,17,38:17,3. Выплатить неустойку за незаконное пользование моими денежными средствами за весь период просрочки на основании статьи 395 Гражданского кодекса РФ.,,,-2.0,-1.5238095238095237,-1.857142857142857,-2,neg
gazprombank_debit_page2.json,38,18,38:18,"4. Прекратить практику блокировки доступа к функционалу личного кабинета и обеспечить корректную работу всех сервисов для заблокированных клиентов, как того требует принцип предоставления информации в соответствии с договором банковского счета.",OTHER_SERVICES,1.00,-4.0,-1.5238095238095237,-3.257142857142857,-2,neg
gazprombank_debit_page2.json,38,19,38:19,"В случае неисполнения моих законных требований в течение 3 (трех) рабочих дней с даты получения данной претензии, я буду вынужден направить жалобу на неправомерные действия АО «Газпромбанк» в Центральный банк Российской Федерации (Банк России) через его Интернет-приемную, а также в Роспотребнадзор для привлечения банка к административной ответственности за нарушение правил обслуживания клиентов.",,,-2.0,-1.5238095238095237,-1.857142857142857,-2,neg
gazprombank_debit_page2.json,38,20,38:20,"Кроме того, я оставляю за собой право обратиться в суд для взыскания с банка всей суммы причиненных убытков, включая штрафы за просрочку платежа по кредиту в другом банке, неустойку и компенсацию морального вреда",,,-4.0,-1.5238095238095237,-3.257142857142857,-2,neg
gazprombank_debit_page2.json,39,0,39:0,Благодарю за лояльный подход представителя банка Виктора.,,,2.0,0.6666666666666666,1.5999999999999999,2,pos
gazprombank_debit_page2.json,39,1,39:1,"Не получалось встретиться с сотрудником Банка в дату доставки в Краснокамске, сотрудник пошел на встречу и привез карту в мой город вне даты доставки, не пришлось ждать неделю до следующей доставки в мою локацию.",BRANCH_SERVICE,1.00,0.0,0.6666666666666666,0.19999999999999998,0,neu
gazprombank_debit_page2.json,39,2,39:2,На встрече все обстоятельно рассказал по использованию карты и по кэшбэкам.,OTHER_SERVICES,1.00,0.0,0.6666666666666666,0.19999999999999998,0,neu
gazprombank_debit_page2.json,40,0,40:0,Несмотря на то,,,0.0,1.1428571428571428,0.3428571428571428,0,neu
gazprombank_debit_page2.json,40,1,40:1,что банкоматов банка мало,DEBIT_CARDS,1.00,0.0,1.1428571428571428,0.3428571428571428,0,neu
gazprombank_debit_page2.json,40,2,40:2,удобно что есть банки-партнёры,,,2.0,1.1428571428571428,1.7428571428571427,2,pos
gazprombank_debit_page2.json,40,3,40:3,в которых можно как снять так и внести денежные средства.,,,0.0,1.1428571428571428,0.3428571428571428,0,neu
gazprombank_debit_page2.json,40,4,40:4,Сотрудники Красноармейского офиса г. Волгограда всегда приветливые и доброжелательные.,BRANCH_SERVICE,2.00,4.0,1.1428571428571428,3.142857142857143,2,pos
gazprombank_debit_page2.json,40,5,40:5,В моменте могут помочь и подсказать если есть необходимость.,,,0.0,1.1428571428571428,0.3428571428571428,0,neu
gazprombank_debit_page2.json,40,6,40:6,Всегда приветливые и решают любой вопрос.,,,2.0,1.1428571428571428,1.7428571428571427,2,pos
gazprombank_debit_page2.json,41,0,41:0,"Хочу поблагодарить менеджера Сергея Агибалова за доброжелательное, профессиональное обслуживание.",BRANCH_SERVICE,1.00,2.0,1.7333333333333334,1.92,2,pos
gazprombank_debit_page2.json,41,1,41:1,Дебетовая карта Газпромбанка была получена мной в г. Хабаровске 18.09.,DEBIT_CARDS,2.00,0.0,1.7333333333333334,0.52,0,neu
gazprombank_debit_page2.json,41,2,41:2,2025 года. Встреча длилась недолго,,,-2.0,1.7333333333333334,-0.8799999999999999,-1,neg
gazprombank_debit_page2.json,41,3,41:3,"Сергей все понятно и чётко объяснил: как пользоваться приложением, условия обслуживания карты, помог подключить необходимые мне опции, подробно рассказал про кешбек и акции, вклады и накопительный счета.",OTHER_SERVICES,2.00,6.0,1.7333333333333334,4.719999999999999,2,pos
gazprombank_debit_page2.json,41,4,41:4,Я встречей осталась очень довольна.,,,0.4,1.7333333333333334,0.8,1,pos
gazprombank_debit_page2.json,41,5,41:5,Рекомендую Сергея как внимательного и компетентного специалиста.,BRANCH_SERVICE,1.00,4.0,1.7333333333333334,3.32,2,pos
gazprombank_debit_page2.json,42,0,42:0,заказал карту ради накопительного счета,,,0.0,1.2,0.36,0,neu
gazprombank_debit_page2.json,42,1,42:1,"18 сентября с утра позвонил представитель, подтвердили встречу и обговорили время, мне было удобно ближе к вечеру",,,2.0,1.2,1.7599999999999998,2,pos
gazprombank_debit_page2.json,42,2,42:2,"вечером приехала девушка представитель, оформили все документы, скачали приложение, зашли и активировали карту.",FIELD_SERVICE;MOBILE_APP,1.00;1.00,0.0,1.2,0.36,0,neu
gazprombank_debit_page2.json,42,3,42:3,"Рассказала про преимущества, про накопительные счета, все было понятно",,,2.0,1.2,1.7599999999999998,2,pos
gazprombank_debit_page2.json,42,4,42:4,"пока банком доволен, все устраивает",,,2.0,1.2,1.7599999999999998,2,pos
gazprombank_debit_page2.json,43,0,43:0,"Карту получила, доставкой довольна.",,,0.0,0.6285714285714287,0.18857142857142858,0,neu
gazprombank_debit_page2.json,43,1,43:1,"Назначили встречу на 18:00, очень приятно",,,0.4,0.6285714285714287,0.4685714285714285,0,neu
gazprombank_debit_page2.json,43,2,43:2,что Ксения согласилась на встречу во вне рабочее время.,,,0.0,0.6285714285714287,0.18857142857142858,0,neu
gazprombank_debit_page2.json,43,3,43:3,Встреча заняла 10 минут.,,,0.0,0.6285714285714287,0.18857142857142858,0,neu
gazprombank_debit_page2.json,43,4,43:4,Ксения помогла открыть накопительный счет и проверочный остаток 30 тыс.,,,2.0,0.6285714285714287,1.5885714285714285,2,pos
gazprombank_debit_page2.json,43,5,43:5,Так же принимаю участие в кешбеке 100% на продукты.,,,0.0,0.6285714285714287,0.18857142857142858,0,neu
gazprombank_debit_page2.json,43,6,43:6,"Встречей довольна, Ксении большое спасибо.",,,2.0,0.6285714285714287,1.5885714285714285,2,pos
gazprombank_debit_page2.json,44,0,44:0,"Добрый день! 26 июля 2025 года подключил опцию Газпром-бонус, сроком до 25 августа 2025 года (скрин прилагаю)",OTHER_SERVICES,1.00,0.15,-0.13214285714285715,0.06535714285714286,0,neu
gazprombank_debit_page2.json,44,1,44:1,чтобы подкопить определенное количество кэшбэка.,OTHER_SERVICES,1.00,0.0,-0.13214285714285715,-0.03964285714285714,0,neu
gazprombank_debit_page2.json,44,2,44:2,"25 августа 2025 года совершил крайнюю покупку, в надежде получить недостающую сумму кэшбэка с помощью вышеуказанной подписки.",OTHER_SERVICES,1.00,0.0,-0.13214285714285715,-0.03964285714285714,0,neu
gazprombank_debit_page2.json,44,3,44:3,"Вместо 2% кэшбэка начислили 1, 5% (недостаток бонусов составил - 104).",OTHER_SERVICES,2.00,0.0,-0.13214285714285715,-0.03964285714285714,0,neu
gazprombank_debit_page2.json,44,4,44:4,28 августа 2025 года обратился в техподдержку,,,0.0,-0.13214285714285715,-0.03964285714285714,0,neu
gazprombank_debit_page2.json,44,5,44:5,на что мне 29 августа 2025 года была дана недостоверная информация о том,,,0.0,-0.13214285714285715,-0.03964285714285714,0,neu
gazprombank_debit_page2.json,44,6,44:6,что сервис Газпром-бонус был отключен 22 августа 2025 года (скрин прилагаю),OTHER_SERVICES,2.00,0.0,-0.13214285714285715,-0.03964285714285714,0,neu
gazprombank_debit_page2.json,44,7,44:7,что несоотвествует сроку окончания.,,,0.0,-0.13214285714285715,-0.03964285714285714,0,neu
gazprombank_debit_page2.json,44,8,44:8,"Также 3 сентября 2025 года на мою электронную почту, поддержка снова подтвердила отключение подписки раньше срока окончания (скрин прилагаю).",REMOTE_SERVICE,1.00,0.0,-0.13214285714285715,-0.03964285714285714,0,neu
gazprombank_debit_page2.json,44,9,44:9,Убедительная просьба к banki.,,,0.0,-0.13214285714285715,-0.03964285714285714,0,neu
gazprombank_debit_page2.json,44,10,44:10,"ru донести до руководства Газпромбанка мое обращение и решить данную проблему в пользу своих клиентов, а именно доначислить 104 бонуса, а судя по отзывам ""пострадавших"" с подобной проблемой много.",OTHER_SERVICES,1.00,-4.0,-0.13214285714285715,-2.839642857142857,-2,neg
gazprombank_debit_page2.json,44,11,44:11,Также хочу отметить,,,0.0,-0.13214285714285715,-0.03964285714285714,0,neu
gazprombank_debit_page2.json,44,12,44:12,"чтобы получить в данном банке 104 бонуса по программе ""понятный кэшбэк""",OTHER_SERVICES,2.00,2.0,-0.13214285714285715,1.3603571428571428,1,pos
gazprombank_debit_page2.json,44,13,44:13,нужно потратить 7000₽.,,,0.0,-0.13214285714285715,-0.03964285714285714,0,neu
gazprombank_debit_page2.json,45,0,45:0,Добрый день. Сегодня ждала свою карту дебетовую от Газпромбанка.,DEBIT_CARDS,1.00,0.0,0.05714285714285713,0.017142857142857137,0,neu
gazprombank_debit_page2.json,45,1,45:1,"Привезла нам ее девушка, приятная в общении, очень подкованная, сразу рассказала",,,0.4,0.05714285714285713,0.2971428571428571,0,neu
gazprombank_debit_page2.json,45,2,45:2,что зачем и как нам нужно сделать,,,0.0,0.05714285714285713,0.017142857142857137,0,neu
gazprombank_debit_page2.json,45,3,45:3,чтобы выгоднее использовать карту и ее преимущества.,,,0.0,0.05714285714285713,0.017142857142857137,0,neu
gazprombank_debit_page2.json,45,4,45:4,Зовут ее К-ва Екатерина А.,,,0.0,0.05714285714285713,0.017142857142857137,0,neu
gazprombank_debit_page2.json,45,5,45:5,"г.Курск, а выдавала нам в г. Курчатов, был дождь, долго стояли",,,-2.0,0.05714285714285713,-1.3828571428571428,-1,neg
gazprombank_debit_page2.json,45,6,45:6,она большая молодец уделила нам огромное внимание . Спасибо.,,,2.0,0.05714285714285713,1.417142857142857,1,pos
gazprombank_debit_page2.json,46,0,46:0,недавно узнала о кэшбэке и захотела себе карту с бонусами) Ведь много трачу и получать за это баллы очень хотелось.,OTHER_SERVICES,3.00,0.4,1.5999999999999999,0.7599999999999999,1,pos
gazprombank_debit_page2.json,46,1,46:1,Нашла карту газпромбанка.,,,0.0,1.5999999999999999,0.4799999999999999,0,neu
gazprombank_debit_page2.json,46,2,46:2,Со мной связались очень быстро после того как оставила заявку на сайте.,,,2.4,1.5999999999999999,2.1599999999999997,2,pos
gazprombank_debit_page2.json,46,3,46:3,На следующий день представитель уже готов привезти карту.,,,0.0,1.5999999999999999,0.4799999999999999,0,neu
gazprombank_debit_page2.json,46,4,46:4,"активация карты легкая, просто пополнила баланс мобильного в приложении.",,,0.0,1.5999999999999999,0.4799999999999999,0,neu
gazprombank_debit_page2.json,46,5,46:5,Условия обслуживания очень понравились.,,,2.4,1.5999999999999999,2.1599999999999997,2,pos
gazprombank_debit_page2.json,46,6,46:6,"также понравилось вежливое обращение сотрудника, который все объяснил в деталях",BRANCH_SERVICE,2.00,6.0,1.5999999999999999,4.679999999999999,2,pos
gazprombank_debit_page2.json,47,0,47:0,Заказала на сайте карту дебетовую.,DEBIT_CARDS,1.00,0.0,0.39999999999999997,0.11999999999999998,0,neu
gazprombank_debit_page2.json,47,1,47:1,Позвонил предстапвитель банка - соглапсовапли дату и время.,,,0.0,0.39999999999999997,0.11999999999999998,0,neu
gazprombank_debit_page2.json,47,2,47:2,Представитель банка Илья позвонил запранее договорились о встречи все подробно рассказал.,,,0.0,0.39999999999999997,0.11999999999999998,0,neu
gazprombank_debit_page2.json,47,3,47:3,Оформили карту . Я довольна.,,,0.0,0.39999999999999997,0.11999999999999998,0,neu
gazprombank_debit_page2.json,47,4,47:4,Спасибо Илье Гапзпромбанк,,,2.0,0.39999999999999997,1.5199999999999998,2,pos
gazprombank_debit_page2.json,47,5,47:5,"капртой буду пользовапться для кэшбека, отзывов очень много хороших",,,0.4,0.39999999999999997,0.39999999999999997,0,neu
gazprombank_debit_page2.json,48,0,48:0,12.03. 2025 года банк заблокировал мои карты по 115 фз,,,-2.0,-0.9176470588235294,-1.6752941176470588,-2,neg
gazprombank_debit_page2.json,48,1,48:1,"пожалуйста разблокируйте мои карты, прошу вас, мне очень нужен банк ваш",,,-1.6,-0.9176470588235294,-1.3952941176470586,-1,neg
gazprombank_debit_page2.json,48,2,48:2,Согласно пункту 1 статьи 452 ГК РФ «Соглашение об изменении или о расторжении договора совершается в той же форме,,,0.0,-0.9176470588235294,-0.2752941176470588,0,neu
gazprombank_debit_page2.json,48,3,48:3,что и договор».,,,0.0,-0.9176470588235294,-0.2752941176470588,0,neu
gazprombank_debit_page2.json,48,4,48:4,"Договор был подписан мною на бумажном носителе путем личного взаимодействия с сотрудником банка, в то время как блокировка карт была произведена дистанционно",BRANCH_SERVICE,1.00,-2.0,-0.9176470588235294,-1.6752941176470588,-2,neg
gazprombank_debit_page2.json,48,5,48:5,что нарушило данную статью и ограничило мои права.,,,0.0,-0.9176470588235294,-0.2752941176470588,0,neu
gazprombank_debit_page2.json,48,6,48:6,"Согласно пункту 1 статьи 451 ГК РФ «Существенное изменение обстоятельств, из которых стороны исходили при заключении договора, является основанием для его изменения или расторжения",,,0.0,-0.9176470588235294,-0.2752941176470588,0,neu
gazprombank_debit_page2.json,48,7,48:7,если иное не предусмотрено договором или не вытекает из его существа».,,,0.0,-0.9176470588235294,-0.2752941176470588,0,neu
gazprombank_debit_page2.json,48,8,48:8,Банком не был дан ответ на вопрос о том,,,0.0,-0.9176470588235294,-0.2752941176470588,0,neu
gazprombank_debit_page2.json,48,9,48:9,что являлось существенным изменением обстоятельств,,,0.0,-0.9176470588235294,-0.2752941176470588,0,neu
gazprombank_debit_page2.json,48,10,48:10,которые привели к ограничению в обслуживании.,,,0.0,-0.9176470588235294,-0.2752941176470588,0,neu
gazprombank_debit_page2.json,48,11,48:11,"В соответствии с пунктом 1 статьи 845 ГК РФ по договору банковского счета банк обязуется принимать и зачислять поступающие на счет, открытый клиенту (владельцу счета), денежные средства, выполнять распоряжения клиента о перечислении и выдаче соответствующих сумм со счета и проведении других операций по счету.",,,0.0,-0.9176470588235294,-0.2752941176470588,0,neu
gazprombank_debit_page2.json,48,12,48:12,В связи с блокировкой карт я не могу распоряжаться своими денежными средствами и осуществлять перевод денежных средств.,,,-2.0,-0.9176470588235294,-1.6752941176470588,-2,neg
gazprombank_debit_page2.json,48,13,48:13,Также неоднократно банк препятствовал другим своим клиентам совершать переводу на мою карту объясняя это «высокие риском мошенничества» и блокируя их без какой-либо возможности подтвердить перевод и в конечном итоге осуществить его.,,,-2.0,-0.9176470588235294,-1.6752941176470588,-2,neg
gazprombank_debit_page2.json,48,14,48:14,"Согласно пункту 3 статьи 845 ГК РФ банк не вправе определять и контролировать направления использования денежных средств клиента, и устанавливать другие, не предусмотренные законом или договором банковского счета ограничения его права распоряжаться денежными средствами по своему усмотрению.",,,0.0,-0.9176470588235294,-0.2752941176470588,0,neu
gazprombank_debit_page2.json,48,15,48:15,"Необоснованная блокировка счета банком подпадает также под статьи 10 ГК РФ, и статьи 285 и статьи 330 УК РФ.",,,-2.0,-0.9176470588235294,-1.6752941176470588,-2,neg
gazprombank_debit_page2.json,48,16,48:16,"Я требую разобраться в сложившейся ситуации, снять блокировку с моих счетов в банке, разблокировать дебетовые карты и вернуть мне возможность выпускать новые карты и перевыпускать при необходимости старые через мобильное приложение банка и/или офис Газпромбанк",MOBILE_APP,2.00,-4.0,-0.9176470588235294,-3.0752941176470587,-2,neg
gazprombank_debit_page2.json,49,0,49:0,"Являюсь клиентом Газпроманка (Далее - Банк) с 2016 года, пользуясь продуктами Банка, проблем никогда не возникало, до тех пор пока не столкнулся с отказом в выдаче наличных денежных средств, сначала через банкомат, затем в отделении Банка.",DEBIT_CARDS,1.00,-4.0,-0.44565217391304346,-2.933695652173913,-2,neg
gazprombank_debit_page2.json,49,1,49:1,"В отделении Банка, на вопрос о причинах и основаниях введения данных ограничений в отношении меня, исчерпывающего и внятного ответа от сотрудника банка я не получил.",BRANCH_SERVICE,1.00,0.0,-0.44565217391304346,-0.13369565217391302,0,neu
gazprombank_debit_page2.json,49,2,49:2,"Сотрудник банка ответил: ""Я не могу ничего сообщить вам по этому поводу, т.к. не обладаю никакой информацией.",BRANCH_SERVICE,1.00,0.0,-0.44565217391304346,-0.13369565217391302,0,neu
gazprombank_debit_page2.json,49,3,49:3,"Ограничения введены Центральным банком РФ и дальнейший диалог по решению проблемы необходимо вести с ним"".",,,-2.0,-0.44565217391304346,-1.533695652173913,-2,neg
gazprombank_debit_page2.json,49,4,49:4,"В составлении соответствующего обращения в Центральный банк РФ, с целью снятия наложенных ограничений, сотрудник банка отказал со словами: ""Мы не принимаем никакие заявления, идите в Центральный банк РФ!",BRANCH_SERVICE,1.00,-1.85,-0.44565217391304346,-1.428695652173913,-1,neg
gazprombank_debit_page2.json,49,5,49:5,""". Вместе с тем, Банк, ни до ни после введния ограничений, не выходил со мной на связь для запроса материалов об операциях, оказавшиеся для Банка подозрительными и спровоцировавашие данные ограничения.",,,0.0,-0.44565217391304346,-0.13369565217391302,0,neu
gazprombank_debit_page2.json,49,6,49:6,"После визита в Банк я так же неоднократно обращался на горячую линию Банка, удалось выяснить",,,0.0,-0.44565217391304346,-0.13369565217391302,0,neu
gazprombank_debit_page2.json,49,7,49:7,что ограничения наложены согласно указа Центрального банка РФ номер 6354-У (утратившее силу с 22 октября 2024 г),,,0.0,-0.44565217391304346,-0.13369565217391302,0,neu
gazprombank_debit_page2.json,49,8,49:8,"другой полезной, в решении вопроса, информации я не получил от оператора, он тоже порекомендовал обратиться в Центральный банк РФ.",REMOTE_SERVICE,1.00,0.0,-0.44565217391304346,-0.13369565217391302,0,neu
gazprombank_debit_page2.json,49,9,49:9,"Несмотря на длительное взаимодействие со мной, Банк отстраняется и никоим образом не содействует в решении сложившейся ситуации лишь усугубляя её, ссылается на вышестоящие интсанции (Центральный банк РФ), а так же игнорирует поручения Центрального банка РФ изложенные в письме от 26.08.",,,0.0,-0.44565217391304346,-0.13369565217391302,0,neu
gazprombank_debit_page2.json,49,10,49:10,"2025 исх. №ИН-01-59/98 ""Информационное письмо об информировании клиентов при ограничении операций и дистанционных способов распоряжения счетов"".",,,0.0,-0.44565217391304346,-0.13369565217391302,0,neu
gazprombank_debit_page2.json,49,11,49:11,"Для составления корректного обращения в Центральный банк РФ и дальнейшего решения вопроса мне необходимо знать о причинах введения ограничений, в противном случае результатом рассмотрения Центральным банком РФ моего обращения будет отказ в его удовлетворении.",,,-2.0,-0.44565217391304346,-1.533695652173913,-2,neg
gazprombank_debit_page2.json,49,12,49:12,"Изучив нормативную документацию, регулирующую порядок обмена информацией между банками и Центральным банком РФ о подобного рода случаях мне известно",,,0.0,-0.44565217391304346,-0.13369565217391302,0,neu
gazprombank_debit_page2.json,49,13,49:13,что банк обладает исчерпывающей информацией об операциях,,,0.0,-0.44565217391304346,-0.13369565217391302,0,neu
gazprombank_debit_page2.json,49,14,49:14,инициирующие введение подобных ограничений и передают её в Центральный банк РФ.,,,0.0,-0.44565217391304346,-0.13369565217391302,0,neu
gazprombank_debit_page2.json,49,15,49:15,"На составленное мною обращение в адрес Банка с подробным описанием ситуации и отправленное в электронной почте по адресу ""mailbox@gazprombank.",,,0.0,-0.44565217391304346,-0.13369565217391302,0,neu
gazprombank_debit_page2.json,49,16,49:16,"ru"" Банк лаконично ответил: ""Добрый день, Денис Валерьевич Благодарим вас за обращение в Газпромбанк.",,,0.0,-0.44565217391304346,-0.13369565217391302,0,neu
gazprombank_debit_page2.json,49,17,49:17,"Для получения консультации по вопросу снятия ограничений, позвоните, пожалуйста, по телефону: при нахождении на территории РФ 8 800 100 07 01 или 400"".",,,0.0,-0.44565217391304346,-0.13369565217391302,0,neu
gazprombank_debit_page2.json,49,18,49:18,"В результате телефонного звонка новой полезной для меня информации и руководств к действиям для решения вопроса я не получил, а ограничения не сняты.",,,0.0,-0.44565217391304346,-0.13369565217391302,0,neu
gazprombank_debit_page2.json,49,19,49:19,Обращаю внимание на то,,,0.0,-0.44565217391304346,-0.13369565217391302,0,neu
gazprombank_debit_page2.json,49,20,49:20,что Банк лишил меня возможности пользоваться своими же денежными средствами в наличном виде,,,0.0,-0.44565217391304346,-0.13369565217391302,0,neu
gazprombank_debit_page2.json,49,21,49:21,"жизненно необходимых для закрытия своих ежедневных потребностей, а продолжение Банком, в отношении меня данной политики приводит к катастрофическим и необратимым последствиям, для меня и моей семьи.",,,-0.4,-0.44565217391304346,-0.413695652173913,0,neu
gazprombank_debit_page2.json,49,22,49:22,"Прошу компетентых сотрудников банка обратить внимание на данный факт, так же, повторно прошу отнестись к рассмотрению сложившнйся ситуации объективно, скоординировав меня в решении проблемы направленной на снятие имеющихся ограничений и возобновлению доступа к использованию продуктов и сервисов Банка.",BRANCH_SERVICE;OTHER_SERVICES,1.00;1.00,0.0,-0.44565217391304346,-0.13369565217391302,0,neu
gazprombank_debit_page2.json,50,0,50:0,"Добрый день, наконец-то я смогла получить дебетовую карту, много раз была доставка",DEBIT_CARDS,1.00,0.0,0.3772727272727273,0.11318181818181819,0,neu
gazprombank_debit_page2.json,50,1,50:1,"я была с начала не в городе, потом занята.",,,0.0,0.3772727272727273,0.11318181818181819,0,neu
gazprombank_debit_page2.json,50,2,50:2,Громнейшая благодарность Ксении,,,0.0,0.3772727272727273,0.11318181818181819,0,neu
gazprombank_debit_page2.json,50,3,50:3,что она каждый,,,0.0,0.3772727272727273,0.11318181818181819,0,neu
gazprombank_debit_page2.json,50,4,50:4,раз с большим терпением относилась к изменениям в моих планах.,,,0.0,0.3772727272727273,0.11318181818181819,0,neu
gazprombank_debit_page2.json,50,5,50:5,"Сегодня Ксюша позвонила утром, назначила время и приехала ровно по времени.",,,0.0,0.3772727272727273,0.11318181818181819,0,neu
gazprombank_debit_page2.json,50,6,50:6,"Помогла разобраться во всех документах, активировать карту, ответила на вопросы по кешбеку и обслуживанию карты, приятный бонус",OTHER_SERVICES,1.00,2.0,0.3772727272727273,1.5131818181818182,2,pos
gazprombank_debit_page2.json,50,7,50:7,что карта бесплатная всегда.,,,0.0,0.3772727272727273,0.11318181818181819,0,neu
gazprombank_debit_page2.json,50,8,50:8,"Встреча тоже заняла не много времени, минут 15.",,,0.0,0.3772727272727273,0.11318181818181819,0,neu
gazprombank_debit_page2.json,50,9,50:9,"Карту активировала, сразу положила туда деньги.",,,0.0,0.3772727272727273,0.11318181818181819,0,neu
gazprombank_debit_page2.json,50,10,50:10,"Ксении, большое спасибо!",,,2.15,0.3772727272727273,1.6181818181818182,2,pos
